分類,guest 1,guest 2,guest 3,guest 4,guest 5,guest 6,guest 7,guest 8,guest 9,guest 10,guest 11,guest 12,guest 13,guest 14,guest 15,guest 16,guest 17,guest 18,guest 19,guest 20,guest 21,guest 22,guest 23,guest 24,guest 25,guest 26,guest 27,c_view,g_view
夫妻,王中平,侯昌明,沈玉琳,Paul,0,0,0,0,0,0,0,0,0,0,0,0,0,0,0,0,0,0,0,0,0,0,0,399830,4
歌曲,康康,張秀卿,翁立友,李崗霖,陳予新,0,0,0,0,0,0,0,0,0,0,0,0,0,0,0,0,0,0,0,0,0,0,2560993,1
活動,原告,小甜甜,Eason,林進,允潔媽,被告,謝忻,無尊,小A辣,蔡允潔,0,0,0,0,0,0,0,0,0,0,0,0,0,0,0,0,0,418801,4
遊戲,紅隊,Paul,蔡允潔,香蕉,Becca,藍隊,阿虎,曾智希,陳為民,拉拉,0,0,0,0,0,0,0,0,0,0,0,0,0,0,0,0,0,1454866,1
談話性,甄莉,Mei,陳櫻文,琪琪,徐小可,0,0,0,0,0,0,0,0,0,0,0,0,0,0,0,0,0,0,0,0,0,0,278070,5
活動,馬國賢,貝童彤,允潔媽,劉尚謙,Uyi,0,0,0,0,0,0,0,0,0,0,0,0,0,0,0,0,0,0,0,0,0,0,434348,4
遊戲,侯昌明,KenKen,林秀琴,陳琳,Ivy,Mita,甄莉,Sky,0,0,0,0,0,0,0,0,0,0,0,0,0,0,0,0,0,0,0,276270,5
模仿,亦帆,大根,阿虎,逸祥,舒子晨,許書豪,嘻小瓜,0,0,0,0,0,0,0,0,0,0,0,0,0,0,0,0,0,0,0,0,220354,5
活動,曾琴,R,ONE,葉公曹西平,趙正平,張立東,Vicky,山豬,Sky,孫其君,0,0,0,0,0,0,0,0,0,0,0,0,0,0,0,0,0,385962,4
活動,曾琴,R,ONE,葉公曹西平,趙正平,張立東,Vicky,山豬,Sky,孫其君,評審,曹西平,呂文婉卡古,阿虎,安喬,U0,小賴,婁峻碩,博焱,貝童彤,田舞陽,無尊,餅乾,0,0,0,0,531250,3
活動,評審,曹西平,呂文婉卡古,阿虎,安喬,U0,小賴,婁峻碩,博焱,貝童彤,田舞陽,無尊,餅乾,0,0,0,0,0,0,0,0,0,0,0,0,0,0,337070,4
談話性,小熊,Champion,包家禎,亞倫,貝莉莓,查克茲,0,0,0,0,0,0,0,0,0,0,0,0,0,0,0,0,0,0,0,0,0,466300,4
夫妻,甄莉,咪咪,陳立芹,佩佩,林秀琴,0,0,0,0,0,0,0,0,0,0,0,0,0,0,0,0,0,0,0,0,0,0,223408,5
歌曲,小鍾,大女孩,大根,阿虎,山豬,TOP1男子漢,黃韋綸,鄞芽兒,0,0,0,0,0,0,0,0,0,0,0,0,0,0,0,0,0,0,0,195673,5
談話性,藍隊,裴頡,李懿,大愷,陳大天,紅隊,張立東,曾智希,詹子晴,惟毅,0,0,0,0,0,0,0,0,0,0,0,0,0,0,0,0,0,398093,4
職業,連天豪,Emi,Alice,黃煜晏,魏智偉,陳彥宇,洪翊騰,0,0,0,0,0,0,0,0,0,0,0,0,0,0,0,0,0,0,0,0,222584,5
活動,曹西平,嘻小瓜,沈玉琳,蔡允潔,大根,梁凱莉,熊熊,助理主持,趙正平,0,0,0,0,0,0,0,0,0,0,0,0,0,0,0,0,0,0,296403,5
模仿,評審,張軒睿,塗善存陳予新,辛龍,卓義峰,郭曉曉,安喬,撒基努,0,0,0,0,0,0,0,0,0,0,0,0,0,0,0,0,0,0,0,356379,4
談話性,陳為民,楊繡惠,白雲,錦雯,NONO,0,0,0,0,0,0,0,0,0,0,0,0,0,0,0,0,0,0,0,0,0,0,339960,4
活動,唐從聖,孫其君,綠茶,逸祥,視覺,Becca,陳宇馨,寧寧,宛宛兒,聽覺,雅雅,方語昕,王喬尹,陳安,0,0,0,0,0,0,0,0,0,0,0,0,0,592280,3
談話性,曹西平,孫協志,小鍾,何妤玟,趙正平,0,0,0,0,0,0,0,0,0,0,0,0,0,0,0,0,0,0,0,0,0,0,499934,4
歌曲,沈玉琳,何妤玟,何嘉文,唐從聖李崗霖,符瓊音,康禎庭,南拳媽媽,0,0,0,0,0,0,0,0,0,0,0,0,0,0,0,0,0,0,0,0,257719,5
談話性,妮娜,馬丁,銘銘,山姆,尚恩,派翠夏,波力士,0,0,0,0,0,0,0,0,0,0,0,0,0,0,0,0,0,0,0,0,246812,5
夫妻,小亮哥,侯昌明,Stanley,阿布,Paul,Wendy老師,0,0,0,0,0,0,0,0,0,0,0,0,0,0,0,0,0,0,0,0,0,311196,4
活動,曹西平,Apple,廖慧珍,逸祥,呂文婉,古拉,唐婷婷,巴巴烙,0,0,0,0,0,0,0,0,0,0,0,0,0,0,0,0,0,0,0,471588,4
歌曲,評審,玖壹壹曹西平,婁峻碩,斯亞,山豬,阿虎,郭子,魚乾,開水小姐,0,0,0,0,0,0,0,0,0,0,0,0,0,0,0,0,0,0,1310458,1
遊戲,紅隊,張立東,梁以辰,小熊,大飛,藍隊,Terry,依依,徐瑋吟,逸祥,0,0,0,0,0,0,0,0,0,0,0,0,0,0,0,0,0,288595,5
談話性,委託人,小甜甜,劉雨柔,博焱,黃沐妍,調查目標,王少偉,周宜霈,阿虎,吳怡霈,0,0,0,0,0,0,0,0,0,0,0,0,0,0,0,0,0,465924,4
活動,林葉亭,Mei,陳櫻文,Lala,Apple,周宜霈,陳艾熙,安喬,0,0,0,0,0,0,0,0,0,0,0,0,0,0,0,0,0,0,0,292467,5
遊戲,王仁甫,安歆澐,Mr,Miss,劉戀,杜凱,A,Team,ECHO,0,0,0,0,0,0,0,0,0,0,0,0,0,0,0,0,0,0,235703,5
職業,NINIKO,羅師傅,錦霞,小顆,子萁,曾秉閎,0,0,0,0,0,0,0,0,0,0,0,0,0,0,0,0,0,0,0,0,0,400904,4
活動,無尊,劉尚謙,惡魔,大根,強尼,瑋哥,馬丁,酷炫,正妹,解婕翎,芊予,牛奶兒,白白,Coco,潘維亞,梁依霏,吳芸??,又又,親親,艾瑞絲,晨心,Angel,詹子瑜,田雅萍,恐龍,怡苔,蕾拉,1425716,1
活動,黃懷岫,懷岫嬤,黃怡華,如如,婷婷,筌筌,楊懷民,黃俊澤,徐文良,0,0,0,0,0,0,0,0,0,0,0,0,0,0,0,0,0,0,307584,4
歌曲,評審,康康林芯儀,林亭翰,大飛,民雄,大根,康茵茵,婁峻碩,有激人,0,0,0,0,0,0,0,0,0,0,0,0,0,0,0,0,0,0,230606,5
活動,阿達,沈玉琳,曹西平,郭子,林進,徐瑋吟,張立東,Luxy,Girls,侯昌明,曾雅蘭,大根,阿虎,卡古,博焱,許凱皓,孫其君,熊熊,小賴,嘻小瓜,0,0,0,0,0,0,0,558374,3
活動,阿達,沈玉琳,曹西平,郭子,林進,徐瑋吟,張立東,Luxy,Girls,侯昌明,曾雅蘭,大根,阿虎,卡古,博焱,許凱皓,孫其君,熊熊,小賴,嘻小瓜,0,0,0,0,0,0,0,411314,4
職業,老闆,邵昕,王俐人,白雲,圓圓,員工,MiA,娃娃,Ya,Ting,Rick,蔡瑞容,鍾福元,米粉妹,A先生,0,0,0,0,0,0,0,0,0,0,0,0,274874,5
歌曲,余皓然,趙正平,黃小柔,邰智源王中平,曹西平,張棋惠,大根,0,0,0,0,0,0,0,0,0,0,0,0,0,0,0,0,0,0,0,0,287440,5
職業,廖偉健,Danny,Luxy,Girls,Iwanka,Becca,王耀賢,劉盛,王筠婷,Hank,郭常喜,0,0,0,0,0,0,0,0,0,0,0,0,0,0,0,0,836731,2
遊戲,宏都拉斯,解婕翎,小甜甜,曾理,Yumi,少少,綠茶,助理主場,趙正平,0,0,0,0,0,0,0,0,0,0,0,0,0,0,0,0,0,0,317304,4
談話性,成語蕎,黃沐妍,哈孝遠,郭彥均,安苡愛,瑪麗亞,香蕉,Cooper,0,0,0,0,0,0,0,0,0,0,0,0,0,0,0,0,0,0,0,282570,5
歌曲,盧學叡,王中平,楊繡惠,吳申梅,大飛,0,0,0,0,0,0,0,0,0,0,0,0,0,0,0,0,0,0,0,0,0,0,241234,5
職業,海寧,魏智偉,蚯蚓,許小飛,吳敏髣,張振榕,飛飛,0,0,0,0,0,0,0,0,0,0,0,0,0,0,0,0,0,0,0,0,162601,5
活動,解婕翎,詹惟中,梁凱莉,張立東,李懿,Paul,黃沐妍,大根,0,0,0,0,0,0,0,0,0,0,0,0,0,0,0,0,0,0,0,399345,4
活動,蔡允潔,馬西屏,曹西平,詹子晴,馬幼興,0,0,0,0,0,0,0,0,0,0,0,0,0,0,0,0,0,0,0,0,0,0,457326,4
模仿,左左右右紫棋妹,李漢典,祈錦鈅,陸嘉偉,陳孟潔,信子,Ivy,小曾,0,0,0,0,0,0,0,0,0,0,0,0,0,0,0,0,0,0,0,271492,5
遊戲,小老師,嘻小瓜,宗憲隊,小馬,張齡予,漢典隊,沈玉琳,黃沐妍,LuLu隊,趙正平,小優,0,0,0,0,0,0,0,0,0,0,0,0,0,0,0,0,656343,3
歌曲,評審,潘瑋柏,紅隊,小甜甜,Wacky,Boys,溫妮,PSboyz,藍隊,韓森,唐從聖,芮德,Nike,曼達,0,0,0,0,0,0,0,0,0,0,0,0,0,880692,2
夫妻,曾雅蘭,Vicky,林姿佑,Mei,萁萁,徐小可,咪咪,0,0,0,0,0,0,0,0,0,0,0,0,0,0,0,0,0,0,0,0,1117121,1
活動,浪LIVE主播,愷弟,亭恩,若凡,韋綸,助理主場,趙正平,0,0,0,0,0,0,0,0,0,0,0,0,0,0,0,0,0,0,0,0,383035,4
遊戲,劉書宏,沈玉琳,Albee,孫其君,邰智源,大根,0,0,0,0,0,0,0,0,0,0,0,0,0,0,0,0,0,0,0,0,0,982368,2
遊戲,劉書宏,沈玉琳,Albee,孫其君,邰智源,大根,0,0,0,0,0,0,0,0,0,0,0,0,0,0,0,0,0,0,0,0,0,771953,3
活動,評審,杜力,安妮黃鐙輝,蘿莉塔,撒基努,黃沐妍,0,0,0,0,0,0,0,0,0,0,0,0,0,0,0,0,0,0,0,0,0,68488,6
歌曲,評審,陳奕,魏蔓,羅時豐陳乃榮,陳若穎,沈建宏,斯亞,簡宏霖,0,0,0,0,0,0,0,0,0,0,0,0,0,0,0,0,0,0,0,289360,5
遊戲,劉書宏,沈玉琳,Albee,孫其君,邰智源,大根,踢館魔主,于美人,0,0,0,0,0,0,0,0,0,0,0,0,0,0,0,0,0,0,0,785980,3
職業,海產,米亞,孫伯綸,林書嬅,荒漠甘泉,卡龍,志豪,邵阿咩,朱家興,0,0,0,0,0,0,0,0,0,0,0,0,0,0,0,0,0,0,216366,5
活動,羽庭,嘟嘟,JEAN,卡古,見證人,阿B,一支,小孟,德瑞克,KING,卡古爸,0,0,0,0,0,0,0,0,0,0,0,0,0,0,0,0,399372,4
歌曲,成語蕎,廖慧珍,曾智希,安妮,視覺,嬌嬌,逸祥,Rick,吳念軒,?覺,林欣甫,陳肇天,李先宇,藍燁,0,0,0,0,0,0,0,0,0,0,0,0,0,326385,4
遊戲,沈玉琳,Albee,孫其君,邰智源,大根,踢館魔主,于美人,0,0,0,0,0,0,0,0,0,0,0,0,0,0,0,0,0,0,0,0,607802,3
活動,曾莞婷,撒基努,周定緯,許仁傑,梁以辰,0,0,0,0,0,0,0,0,0,0,0,0,0,0,0,0,0,0,0,0,0,0,287124,5
談話性,王治平,小桃,賈培德,邵邵,建東,班班,偉凡,0,0,0,0,0,0,0,0,0,0,0,0,0,0,0,0,0,0,0,0,233487,5
遊戲,沈玉琳,Albee,孫其君,邰智源,大根,踢館魔主,KID,0,0,0,0,0,0,0,0,0,0,0,0,0,0,0,0,0,0,0,0,595222,3
遊戲,詹子晴,茵茵,張立東,0,0,0,0,0,0,0,0,0,0,0,0,0,0,0,0,0,0,0,0,0,0,0,0,349166,4
遊戲,詹子晴,茵茵,張立東,0,0,0,0,0,0,0,0,0,0,0,0,0,0,0,0,0,0,0,0,0,0,0,0,347046,4
談話性,Shanon,馬丁,LIL,AJ,Holly,東東,Mimi,小慢,0,0,0,0,0,0,0,0,0,0,0,0,0,0,0,0,0,0,0,355091,4
歌曲,江美琪,綠茶,葉秉桓,紅,罡愷,亭恩,麗絲,李友廷,藍,郭志翔,Becca,小優,Cooper,0,0,0,0,0,0,0,0,0,0,0,0,0,0,137685,5
遊戲,沈玉琳,Albee,孫其君,邰智源,大根,踢館魔主,苦苓,0,0,0,0,0,0,0,0,0,0,0,0,0,0,0,0,0,0,0,0,682392,3
活動,製作人,劭中,小董,樺樺,葉綺,怡菱綠茶,U0,安苡愛,依依,Tony,Chen,瑪莉亞,大根,逸祥,海產,阿虎,無尊,0,0,0,0,0,0,0,0,0,0,409512,4
夫妻,周潤德,Wendy,苦苓,馬丁,Shanon,彭華幹,Carol,威廉,飛口,0,0,0,0,0,0,0,0,0,0,0,0,0,0,0,0,0,0,316209,4
歌曲,評審,丁曉雯,李玖哲,王治平秦宇子,IVI,世外桃源樂團,閻韋伶,小各,吳卓源,臭屁嬰仔,草屯囝仔,noovy,0,0,0,0,0,0,0,0,0,0,0,0,0,0,0,324102,4
遊戲,Albee,孫其君,邰智源,大根,踢館魔主,Sandy,0,0,0,0,0,0,0,0,0,0,0,0,0,0,0,0,0,0,0,0,0,1544293,1
活動,沈玉琳,趙正平,逸祥,梁凱莉,林進,阿虎,0,0,0,0,0,0,0,0,0,0,0,0,0,0,0,0,0,0,0,0,0,217488,5
談話性,NONO,沈玉琳,梁赫群,小鍾,小馬,楊子儀,神秘嘉賓,周曉涵,Vicki,小嫻,溫嵐,0,0,0,0,0,0,0,0,0,0,0,0,0,0,0,0,612825,3
談話性,NONO,沈玉琳,梁赫群,小鍾,小馬,楊子儀,神秘嘉賓,周曉涵,Vicki,小嫻,溫嵐,0,0,0,0,0,0,0,0,0,0,0,0,0,0,0,0,449094,4
遊戲,Albee,孫其君,邰智源,大根,0,0,0,0,0,0,0,0,0,0,0,0,0,0,0,0,0,0,0,0,0,0,0,658531,3
歌曲,評審,MC耀宗,沈玉琳,紅隊,ECHO,小賴,大根,安喬,阿龍,藍隊,李洛洋,斯亞,阿虎,無尊,郭子,0,0,0,0,0,0,0,0,0,0,0,0,272502,5
夫妻,被控訴人,Michael,Paul,撒基努,林秀琴,控訴人,楊皓如,咪咪,Maya,陳致遠,0,0,0,0,0,0,0,0,0,0,0,0,0,0,0,0,0,460731,4
歌曲,丁曉雯邵大倫,朱海君,吳俊宏,李愛綺,莊振凱,0,0,0,0,0,0,0,0,0,0,0,0,0,0,0,0,0,0,0,0,0,0,176380,5
職業,小孟,沈孟勳,王馨怡,聖元,旭秋,江柏樂,0,0,0,0,0,0,0,0,0,0,0,0,0,0,0,0,0,0,0,0,0,263585,5
活動,曹西平,趙正平,以綸,宇宙,熊熊,孫其君,0,0,0,0,0,0,0,0,0,0,0,0,0,0,0,0,0,0,0,0,0,317766,4
活動,評審,唐從聖山豬,阿虎,解婕翎,U0,蔡允潔,安喬,瑋哥,孫生,琳妲,Wackyboys,反骨男孩,喬瑟夫,惡魔,大?,何美,嘻小瓜,逸祥,0,0,0,0,0,0,0,0,0,795114,3
職業,夢多,詹可旬,侯羽桑,林侃諭,陳映竹,古正晴,洪萬庭,羅淼,0,0,0,0,0,0,0,0,0,0,0,0,0,0,0,0,0,0,0,167772,5
活動,沈玉琳,楊繡惠,楊晨熙,梁凱莉,0,0,0,0,0,0,0,0,0,0,0,0,0,0,0,0,0,0,0,0,0,0,0,432678,4
歌曲,評審,畢書盡小鍾,安苡愛,王彩樺,無尊,惡魔,杜力,大女孩,海產,阿虎,逸祥,白雲,0,0,0,0,0,0,0,0,0,0,0,0,0,0,0,402933,4
遊戲,宏都拉斯,陳大天,大根唐從聖,嘻小瓜,無尊,0,0,0,0,0,0,0,0,0,0,0,0,0,0,0,0,0,0,0,0,0,0,342368,4
歌曲,王治平,二珂,旺福江宏恩,高蕾雅,阿Ben,張棋惠,黃靖倫,0,0,0,0,0,0,0,0,0,0,0,0,0,0,0,0,0,0,0,0,206644,5
遊戲,紅隊,郭彥均,Becca,蔡允潔,阿虎,藍隊,小鍾,安苡愛,U0,Paul,0,0,0,0,0,0,0,0,0,0,0,0,0,0,0,0,0,330605,4
職業,楊大衛,思瑩,蔣嘉文,小明,丹尼斯,薯泥,劉彥鋒,0,0,0,0,0,0,0,0,0,0,0,0,0,0,0,0,0,0,0,0,446999,4
談話性,楊皓如,Michael,小跩,Maya,撒基努,古拉斯,陳立芹,鄧廣福,小布丁,甄莉,希德,Sky,保姆,晴晴,0,0,0,0,0,0,0,0,0,0,0,0,0,338849,4
歌曲,評審,戴愛玲張秀卿,Reso0nce留聲樂團,林宗興,管罄,杜力,唐從聖,黃靖倫,思思,邵邵,亦帆,0,0,0,0,0,0,0,0,0,0,0,0,0,0,0,0,166485,5
談話性,美食專家,胡天蘭安妮,夢多,阿諾,哈孝遠,凱莉,Neil,郭泰王,0,0,0,0,0,0,0,0,0,0,0,0,0,0,0,0,0,0,0,300358,4
活動,白雲,何妤玟,成語蕎,小甜甜,謝家璇,何啟聖,陳斌魁,0,0,0,0,0,0,0,0,0,0,0,0,0,0,0,0,0,0,0,0,335461,4
活動,萱野可芬,萱野可芳,宋達民,宋逸民,黃喬歆,黃昱翔,0,0,0,0,0,0,0,0,0,0,0,0,0,0,0,0,0,0,0,0,0,272971,5
歌曲,評審,林隆璇,方文山,丁曉雯,金秀麗,陳央,香蕉,盧瑮莉,范揚景,荒漠甘泉,0,0,0,0,0,0,0,0,0,0,0,0,0,0,0,0,0,195389,5
活動,沈玉琳,張友驊,趙岱新,孔繁錦JR,李維維,陽詠存,孫沁岳,0,0,0,0,0,0,0,0,0,0,0,0,0,0,0,0,0,0,0,0,220691,5
活動,委託人,郭彥均,Shanon,安苡愛,阿虎,調查目標,沈玉琳,馬丁,楊晨熙,解婕翎,直擊特派員,張立東,瑪莉亞,0,0,0,0,0,0,0,0,0,0,0,0,0,0,486013,4
談話性,Paul,陳彥碩沈玉琳,小馬,黃鐙輝,張立東,解婕翎,徐瑋吟,何美,0,0,0,0,0,0,0,0,0,0,0,0,0,0,0,0,0,0,0,458552,4
歌曲,李敏榮,四葉草,陳零九,TUD綠茶,張立東,撒基努,大根,楊子儀,0,0,0,0,0,0,0,0,0,0,0,0,0,0,0,0,0,0,0,234565,5
談話性,撒基努,督們,達令,布達爾,薩皿安,猶卡恩,木亞,夏曼亞昂努,0,0,0,0,0,0,0,0,0,0,0,0,0,0,0,0,0,0,0,411761,4
活動,NONO,洪敬堯斯亞,綠茶,段旭明,曾昱嘉,逸祥,香蕉,阿虎,0,0,0,0,0,0,0,0,0,0,0,0,0,0,0,0,0,0,0,429042,4
活動,熊熊,徐瑋吟,曾子余,詹子晴,趙正平,梁赫群,0,0,0,0,0,0,0,0,0,0,0,0,0,0,0,0,0,0,0,0,0,497033,4
歌曲,評審,洪敬堯,袁永興方泂鑌,呂薔,林子森,黃少谷,宇宙人Mei,沈玉琳,劉雨柔,杜詩梅,何美,0,0,0,0,0,0,0,0,0,0,0,0,0,0,0,0,256560,5
遊戲,屈中恆,Vicky,洪都拉斯,沈玉琳,何妤玟,劉爾金,醫師,柯漢祥,0,0,0,0,0,0,0,0,0,0,0,0,0,0,0,0,0,0,0,272234,5
職業,昕昕,魏智偉,陳綠,黃彥鈞,雨玄,陳志軒,餘明螢,0,0,0,0,0,0,0,0,0,0,0,0,0,0,0,0,0,0,0,0,285283,5
談話性,趙正平,馬丁,U0,卡古,海產,0,0,0,0,0,0,0,0,0,0,0,0,0,0,0,0,0,0,0,0,0,0,310140,4
歌曲,評審,吳映潔,丁曉雯小鍾,唐從聖,鯰魚,林進,小A辣,小穎,夢夢,Leo,小喵,0,0,0,0,0,0,0,0,0,0,0,0,0,0,0,0,450637,4
遊戲,紅隊,沈玉琳,黃沐妍,鯰魚哥,藍隊,唐從聖,泱泱,瑪莉亞,0,0,0,0,0,0,0,0,0,0,0,0,0,0,0,0,0,0,0,358820,4
談話性,檢場,王中平,詹惟中,雲中嶽,郭彥甫,黃築婷,葉欣,Catie,陳柔伊,林建銘,林俊銘,王格心,江秉鴻,0,0,0,0,0,0,0,0,0,0,0,0,0,0,1096893,1
活動,沈玉琳,楊繡惠,唐從聖,趙正平,小甜甜,撒基努,圓圓,公關,佩佩,Stone,Carrie,Cola,陸總,Tiger,Kenji,0,0,0,0,0,0,0,0,0,0,0,0,415289,4
歌曲,評審,蔡秋鳳,丁曉雯安歆澐,陳大天,閻奕格,卓義?,許書豪,0,0,0,0,0,0,0,0,0,0,0,0,0,0,0,0,0,0,0,0,146338,5
遊戲,苦苓,張齡予,楊晨熙,沈玉琳,詹惟中,詹子晴,0,0,0,0,0,0,0,0,0,0,0,0,0,0,0,0,0,0,0,0,0,376761,4
活動,偉晉,邱鋒澤,成語蕎,Popu,Lady,張雁名,逸祥,0,0,0,0,0,0,0,0,0,0,0,0,0,0,0,0,0,0,0,0,280315,5
談話性,謝哲青,派翠夏,康明思,李眉君,李少迪,可樂,Vivien,宋讚養,0,0,0,0,0,0,0,0,0,0,0,0,0,0,0,0,0,0,0,312690,4
歌曲,評審,包偉銘,愷樂嘻小瓜,黃燈輝,TUD,黃昺翔,康茵茵,唐仲?,0,0,0,0,0,0,0,0,0,0,0,0,0,0,0,0,0,0,0,688603,3
活動,王宣,山豬,黃沐妍,林彥君,馬國賢,0,0,0,0,0,0,0,0,0,0,0,0,0,0,0,0,0,0,0,0,0,0,321922,4
活動,蔡黃汝,鍾承翰,楊鎮,管麟,賴東賢,發明者,白朝蓉,白浩秦,吳俞葳,郭芊吟,李冀苑,張逸謙,張家舜,游政則,高志宏,林春福,0,0,0,0,0,0,0,0,0,0,0,324645,4
職業,呂文婉丁國琳,楊雅筑,沈世朋,楊麗菁,賴芊合,0,0,0,0,0,0,0,0,0,0,0,0,0,0,0,0,0,0,0,0,0,0,313915,4
歌曲,敖犬李依瑾,嘎嘎,高以馨,蘇一晉,劉虹翎,0,0,0,0,0,0,0,0,0,0,0,0,0,0,0,0,0,0,0,0,0,0,319674,4
談話性,蕾蕾,歐美玲,林品希,小冬瓜,許力文,張名儀,小富,0,0,0,0,0,0,0,0,0,0,0,0,0,0,0,0,0,0,0,0,288147,5
歌曲,評審,王治平,爽樂團,紅中,小樂,維軒,禮義,笑笑,Oh,特爽,左邊那位,右邊那位,文慧如,黃聖文,安喬,古拉,貝可儀,0,0,0,0,0,0,0,0,0,0,1487314,1
談話性,0,0,0,0,0,0,0,0,0,0,0,0,0,0,0,0,0,0,0,0,0,0,0,0,0,0,0,228169,5
歌曲,李玖哲,詹愷琪,佟凱玲,解偉苓丁曉雯,安苡愛,陳央,0,0,0,0,0,0,0,0,0,0,0,0,0,0,0,0,0,0,0,0,0,218338,5
活動,王庭勻,陳彥名,詹雅涵,林柏叡,黃庭軒,又仁,大黑白,謝雪兒,樂群,李健竹,蛋捲,博恩,0,0,0,0,0,0,0,0,0,0,0,0,0,0,0,651024,3
活動,張立東,馬國賢,郭鑫潘映竹,允潔媽,安苡愛,0,0,0,0,0,0,0,0,0,0,0,0,0,0,0,0,0,0,0,0,0,0,897582,2
職業,吳懷中,曾智希,撒基努,郭彥均,林秀琴,黃鐙輝,0,0,0,0,0,0,0,0,0,0,0,0,0,0,0,0,0,0,0,0,0,258255,5
歌曲,黃鴻升,龍千玉,孫協志,許維芳,子凌,雅雅,吳申梅,小嫻,高以馨,吳俊宏,陳肇天,畢諾煦,0,0,0,0,0,0,0,0,0,0,0,0,0,0,0,385288,4
職業,正妹,雨玄,牟牟,廈雯,張書書,黃昕羽,普妹,蘇瀅,文心,張珺婷,龍龍,洪秀雯,0,0,0,0,0,0,0,0,0,0,0,0,0,0,0,235854,5
歌曲,邱勝翊綠茶,夏宇童,山豬,安苡愛,張心傑,0,0,0,0,0,0,0,0,0,0,0,0,0,0,0,0,0,0,0,0,0,0,260431,5
談話性,小番薯,林鼎修,高嘎,方世宇,玉婷,張修維,戴裕霖,0,0,0,0,0,0,0,0,0,0,0,0,0,0,0,0,0,0,0,0,186006,5
歌曲,張信哲曾昱嘉,閻奕格,林芯儀,韓森,陳大天,海產,杜力,0,0,0,0,0,0,0,0,0,0,0,0,0,0,0,0,0,0,0,0,233409,5
談話性,小鐘,詹惟中,趙正平,小優,無尊,蔡允潔,嘻小瓜,0,0,0,0,0,0,0,0,0,0,0,0,0,0,0,0,0,0,0,0,635456,3
歌曲,孫協志,郭彥均,嗨獎,斯亞,嘻小瓜,U0,包偉銘,林維哲,博焱,妖嬌,Terry,0,0,0,0,0,0,0,0,0,0,0,0,0,0,0,0,323024,4
談話性,小小瑜,Paul,佩佩,楊皓如,沈玉琳,Maya,0,0,0,0,0,0,0,0,0,0,0,0,0,0,0,0,0,0,0,0,0,529906,3
活動,評審,王治平,蕭煌奇,東方,盧學叡,U0,戰嬿樂團,娃兒,侑庭,甄甄,西方,RED,芮德,康茵茵,JB樂團,阿甘,廖主恆,老葉,0,0,0,0,0,0,0,0,0,262524,5
談話性,鍾瑤,李運慶,潘慧如,夏和熙,楊千玫,王策,李唐孟,Zero,Four,Crew,阿傑,小崧,文姿雲,杜偉誠,夏臨威,0,0,0,0,0,0,0,0,0,0,0,0,218150,5
活動,沈玉琳孔令奇,金美滿,易芝貓,嚴之,子涵,黃小愛,波波蓁,0,0,0,0,0,0,0,0,0,0,0,0,0,0,0,0,0,0,0,0,507852,3
活動,王彩樺,馬國賢,何妤玟,NONO,廖慧珍,白雲,0,0,0,0,0,0,0,0,0,0,0,0,0,0,0,0,0,0,0,0,0,341639,4
歌曲,阿沁Yumi,君君,大根,許飛飛,宇宙,Wez,BCW,王思涵,0,0,0,0,0,0,0,0,0,0,0,0,0,0,0,0,0,0,0,543333,3
職業,佩佩,陸董,Cola,Carrie,Pink,拉達,B子,0,0,0,0,0,0,0,0,0,0,0,0,0,0,0,0,0,0,0,0,282439,5
活動,陳予新,無尊,梁凱莉,林喬安,阿虎,卡古,惡魔,嘻小瓜,0,0,0,0,0,0,0,0,0,0,0,0,0,0,0,0,0,0,0,280812,5
談話性,韓靖,馬國賢,曾子余,蔡允潔余皓然,國賢媽,子余媽,允潔媽,0,0,0,0,0,0,0,0,0,0,0,0,0,0,0,0,0,0,0,0,278403,5
歌曲,品冠,贊薇,林樂偉,陳安,古拉,牟牟,謝秉鈞,張革玉勍,0,0,0,0,0,0,0,0,0,0,0,0,0,0,0,0,0,0,0,246119,5
職業,梁正群,范峻銘,蔡志雄,李怡貞,王可文,王世平,邱靖貽,吳威廷,0,0,0,0,0,0,0,0,0,0,0,0,0,0,0,0,0,0,0,361134,4
活動,評審,HowHow,Wackyboys,酷炫,孫生,趙正平,沈玉琳,嘻小瓜,黃沐妍,張立東,無尊,阿虎,梁凱莉,0,0,0,0,0,0,0,0,0,0,0,0,0,0,391639,4
活動,苦苓,Wendy,蔡志雄律師詹子晴,張立東,王思佳,Paul,大根,布蘭妮,咪咪,0,0,0,0,0,0,0,0,0,0,0,0,0,0,0,0,0,0,475372,4
活動,苦苓,Wendy,蔡志雄律師詹子晴,張立東,王思佳,Paul,大根,布蘭妮,咪咪,安妮,沈玉琳,蔡允潔,蘿莉塔,張齡予,無尊,0,0,0,0,0,0,0,0,0,0,0,0,275951,5
談話性,安妮,沈玉琳,蔡允潔,蘿莉塔,張齡予,無尊,0,0,0,0,0,0,0,0,0,0,0,0,0,0,0,0,0,0,0,0,0,274745,5
活動,唐從聖,亦帆,無尊,大根小鍾,符瓊音,阿虎,卡古,0,0,0,0,0,0,0,0,0,0,0,0,0,0,0,0,0,0,0,0,387516,4
談話性,蘿莉塔,LALA,沈玉琳,郭彥均,Mei,甄莉,詹子晴,小優,0,0,0,0,0,0,0,0,0,0,0,0,0,0,0,0,0,0,0,430190,4
歌曲,孫翠鳳,陳昭賢,郭耀仁吳申梅,婁峻碩,布蘭妮氏安娜,A,Team,許維芳,舞炯恩,爽樂團,0,0,0,0,0,0,0,0,0,0,0,0,0,0,0,0,0,166727,5
活動,紅隊,林韋君,高山峰,米可白,張立東,藍隊,沈世朋,梁以辰,五熊,楊子儀,0,0,0,0,0,0,0,0,0,0,0,0,0,0,0,0,0,295365,5
遊戲,邱鋒澤,吳心緹,嘻小瓜,Paul,林進,小甜甜,0,0,0,0,0,0,0,0,0,0,0,0,0,0,0,0,0,0,0,0,0,463290,4
談話性,小優,馬國賢,蘿莉塔,Mei,Julie,Eason,小甜甜,楊子儀,0,0,0,0,0,0,0,0,0,0,0,0,0,0,0,0,0,0,0,382455,4
活動,閻奕格,黃昺翔,唐從聖,嘻小瓜,黃鐙輝,斯亞,郭子,孫協志,頒獎嘉賓,黃鴻升,0,0,0,0,0,0,0,0,0,0,0,0,0,0,0,0,0,241189,5
活動,閻奕格,黃昺翔,唐從聖,嘻小瓜,黃鐙輝,斯亞,郭子,孫協志,頒獎嘉賓,黃鴻升,0,0,0,0,0,0,0,0,0,0,0,0,0,0,0,0,0,193789,5
活動,小茉莉,Janet,玖壹壹,0,0,0,0,0,0,0,0,0,0,0,0,0,0,0,0,0,0,0,0,0,0,0,0,814240,2
談話性,未婚男,大根,張立東,曾理,已婚男,Paul,沈玉琳,吳俊諺,Doris,恬雅,Regi0,薛冰,子涵,阿Sa,Winnie,恬恬,Micky,Maggie,金美滿,巢巢,蕙蕙,亭羽,田以熙,虎牙妹,賓妹,子庭,泡菜妹,2172092,1
歌曲,評審,丁曉雯,鄒兆龍,黃尚禾黃鐙輝,泰坦,李子森,梁一貞,羅美玲,安歆澐,熊熊,玉兔,亦帆,0,0,0,0,0,0,0,0,0,0,0,0,0,0,0,390882,4
職業,小瑋哥,王思佳,Julie,萁萁,黃鐙輝,曾子余,小安,徐凱希,張語噥,黑傑克,小A辣,林進,0,0,0,0,0,0,0,0,0,0,0,0,0,0,0,345224,4
歌曲,評審,丁曉雯黃文星,蔡忻彤,黃昺翔,蔡恩雨,周定緯,陳大天,山豬,0,0,0,0,0,0,0,0,0,0,0,0,0,0,0,0,0,0,0,508132,3
職業,苦苓,溫士凱,李昂,謝哲青,H,0,0,0,0,0,0,0,0,0,0,0,0,0,0,0,0,0,0,0,0,0,0,172604,5
活動,熊熊,趙正平,嘻小瓜,LALA,博焱,何美,0,0,0,0,0,0,0,0,0,0,0,0,0,0,0,0,0,0,0,0,0,902465,2
歌曲,評審,Dennis黃鐙輝,民雄,斯亞,大飛,大根,大?,曾治豪,安苡愛,安喬,何美,0,0,0,0,0,0,0,0,0,0,0,0,0,0,0,0,490651,4
談話性,媳婦,吳姵穎,三?媽,Vien0,可芸,羅莉勤,婆婆,萁媽,阿秀,宜真,江柃榛,張惠聊,0,0,0,0,0,0,0,0,0,0,0,0,0,0,0,247030,5
活動,田舞陽,梁凱莉,山豬,詹子晴,鯰魚,0,0,0,0,0,0,0,0,0,0,0,0,0,0,0,0,0,0,0,0,0,0,576644,3
談話性,李亞萍,吳鳳,雙兒余祥銓,Rynne,張克帆,0,0,0,0,0,0,0,0,0,0,0,0,0,0,0,0,0,0,0,0,0,0,456439,4
歌曲,評審,丁曉雯南拳媽媽,小鐘,Makiyo,康康,董事長樂團,0,0,0,0,0,0,0,0,0,0,0,0,0,0,0,0,0,0,0,0,0,293319,5
活動,阿布,苦苓,張雁名,謝哲青,侯昌明,0,0,0,0,0,0,0,0,0,0,0,0,0,0,0,0,0,0,0,0,0,0,361647,4
活動,琳妲,廖慧珍,趙正平,古拉,張友驊,蔡允潔,0,0,0,0,0,0,0,0,0,0,0,0,0,0,0,0,0,0,0,0,0,245083,5
談話性,孫協志,趙正平,郭鑫,Ben,蔡允潔,LALA,PTT台綜版版主,陳彥碩,0,0,0,0,0,0,0,0,0,0,0,0,0,0,0,0,0,0,0,342336,4
歌曲,周定緯,佟凱玲,許含光,黃鐙輝,陳大天,阿虎,安苡愛,無尊,李建軒,撒基努,紫棋妹,0,0,0,0,0,0,0,0,0,0,0,0,0,0,0,0,756653,3
職業,瑜庭,吉姆,喬老師,西門夜說,修分靈,馮羿,?榮宏,楊元慶,李俊翰,0,0,0,0,0,0,0,0,0,0,0,0,0,0,0,0,0,0,290971,5
夫妻,王中平,Paul,撒基努,Michael,陳致遠,0,0,0,0,0,0,0,0,0,0,0,0,0,0,0,0,0,0,0,0,0,0,509736,3
談話性,小甜甜,黃豪平,成語蕎王宇婕,Eason,小優,0,0,0,0,0,0,0,0,0,0,0,0,0,0,0,0,0,0,0,0,0,0,249091,5
歌曲,王瑞霞,黃妃,秀蘭瑪雅,小鐘,麻吉弟弟,楊東霖,小晶玲,宋費爾,安雨晨,宛宛兒,0,0,0,0,0,0,0,0,0,0,0,0,0,0,0,0,0,228516,5
談話性,小煜,施芊芸,古墨,歐弟,樂事,黃品誠,0,0,0,0,0,0,0,0,0,0,0,0,0,0,0,0,0,0,0,0,0,174221,5
夫妻,林秀琴,Maya,劉雨柔,徐小可,Mei,0,0,0,0,0,0,0,0,0,0,0,0,0,0,0,0,0,0,0,0,0,0,954072,2
職業,陳宇風,梁以辰,趙正平,張雁名,張庭瑚,0,0,0,0,0,0,0,0,0,0,0,0,0,0,0,0,0,0,0,0,0,0,188948,5
歌曲,小鐘,黃若熙,張三李四,林吟蔚,大根,阿虎,0,0,0,0,0,0,0,0,0,0,0,0,0,0,0,0,0,0,0,0,0,242306,5
職業,范美拉,瞿光復,Peggy,朱珣貝,Kevin費少傑,Rebecca,Keyboard桑,0,0,0,0,0,0,0,0,0,0,0,0,0,0,0,0,0,0,0,0,256393,5
活動,惟毅,楊繡惠,曾莞婷,曾子余,醫學講師,Wendy,0,0,0,0,0,0,0,0,0,0,0,0,0,0,0,0,0,0,0,0,0,289063,5
活動,沈玉琳,Amanda,小賴,黃沐妍,博焱,無尊,0,0,0,0,0,0,0,0,0,0,0,0,0,0,0,0,0,0,0,0,0,203217,5
歌曲,大女孩,羅美玲,黃鐙輝,李子森,高以馨于立成,高慧君,袁小迪,孫協志,林佳儀,0,0,0,0,0,0,0,0,0,0,0,0,0,0,0,0,0,0,393384,4
談話性,安苡愛,楊晨熙,詹子晴,詹少倫,Julie,筱蕾,0,0,0,0,0,0,0,0,0,0,0,0,0,0,0,0,0,0,0,0,0,413213,4
歌曲,評審,徐懷鈺,詹愷琪,黃鐙輝,阿虎,余祥銓,張可昀,孫生,琳妲,0,0,0,0,0,0,0,0,0,0,0,0,0,0,0,0,0,0,336791,4
活動,丁國琳,小鐘,Makiyo,張芯瑜呂文婉,楊皓如,妏雪,憨憨,0,0,0,0,0,0,0,0,0,0,0,0,0,0,0,0,0,0,0,0,209808,5
活動,評審,丁噹,陳乃榮林凡,曾昱嘉,解偉苓,杜力,0,0,0,0,0,0,0,0,0,0,0,0,0,0,0,0,0,0,0,0,0,236751,5
活動,沈玉琳,黃豪平曾雅蘭,熊熊,何妤玟,楊麗菁,林姿佑,解婕翎,0,0,0,0,0,0,0,0,0,0,0,0,0,0,0,0,0,0,0,0,244934,5
活動,小瑋哥,黑傑克,葉子,Shanon王思佳,林進,詹子晴,馬丁,0,0,0,0,0,0,0,0,0,0,0,0,0,0,0,0,0,0,0,0,483083,4
活動,黃敬平,Paul,張可昀呂文婉,瑪莉亞,黃豪平,0,0,0,0,0,0,0,0,0,0,0,0,0,0,0,0,0,0,0,0,0,0,238761,5
遊戲,紅隊,蔡頭,張立東,Apple,U0,藍隊,沈玉琳,黃豪平,凱莉,Dora,0,0,0,0,0,0,0,0,0,0,0,0,0,0,0,0,0,466961,4
活動,評審,林志穎麥若愚?佑庭,沈玉琳,吳采臻,0,0,0,0,0,0,0,0,0,0,0,0,0,0,0,0,0,0,0,0,0,0,0,494191,4
活動,山豬,U0,洪都拉斯,陳櫻文,林姿佑,0,0,0,0,0,0,0,0,0,0,0,0,0,0,0,0,0,0,0,0,0,0,411066,4
談話性,控制狂,謝忻,圓圓,賀少俠,被害人,張可昀,黃少谷,杜力,0,0,0,0,0,0,0,0,0,0,0,0,0,0,0,0,0,0,0,261831,5
歌曲,炎亞綸,陳欣?,異鄉人,魏嘉瑩,陳政文,布蘭妮,烏來嬤,萁媽,雙胞媽,馬仕釗,0,0,0,0,0,0,0,0,0,0,0,0,0,0,0,0,0,189749,5
活動,奔奔小姐,踢小米,羅伊,美味拍手,林鮭魚,CelineM4,0,0,0,0,0,0,0,0,0,0,0,0,0,0,0,0,0,0,0,0,0,254281,5
夫妻,張克帆,雙ㄦ,Ben,徐小可,吳懷中,小龜,撒基努,MAYA,0,0,0,0,0,0,0,0,0,0,0,0,0,0,0,0,0,0,0,386021,4
談話性,盧學叡,林秀琴,CHAMPION,MAYA,珍珠,撒基努,0,0,0,0,0,0,0,0,0,0,0,0,0,0,0,0,0,0,0,0,0,707454,3
談話性,張香香,路雨希,膽固醇妹,楊葦萱,蘋果妹,昶霏,Cherry,0,0,0,0,0,0,0,0,0,0,0,0,0,0,0,0,0,0,0,0,573421,3
歌曲,評審,沈玉琳,賴慈泓吳亦帆,吳亦偉,徐詣帆,月琴,甄莉,甄詒,羅美玲,林佳儀,0,0,0,0,0,0,0,0,0,0,0,0,0,0,0,0,0,167495,5
活動,黃鐙輝,萁媽,馬國賢,國賢媽,Paul,咪咪媽,圓圓,圓圓媽,0,0,0,0,0,0,0,0,0,0,0,0,0,0,0,0,0,0,0,325444,4
談話性,詹子晴,黃喬歆,徐瑋吟,小優,成語蕎沈玉琳,郭彥均,Paul,0,0,0,0,0,0,0,0,0,0,0,0,0,0,0,0,0,0,0,0,517978,3
談話性,田舞陽,詹惟中,鄭楷丞,小優,馬丁,0,0,0,0,0,0,0,0,0,0,0,0,0,0,0,0,0,0,0,0,0,0,164748,5
歌曲,紅隊,辛曉琪,洪敬堯,藍隊,丁曉雯,王治平,方麗庭,那那大師,子涵,法愛,盧蓁,古拉,蔡恩霖,蛋捲,小發財,沈夢露,莊昱凡,魯蛋,0,0,0,0,0,0,0,0,0,225914,5
活動,沈玉琳,黃鐙輝,Wackyboys,何妤玟,張立東,0,0,0,0,0,0,0,0,0,0,0,0,0,0,0,0,0,0,0,0,0,0,470791,4
談話性,Vicky,兒童發展專家,王宏哲趙心?,張棋惠,Stacey,林舒語,林可彤,0,0,0,0,0,0,0,0,0,0,0,0,0,0,0,0,0,0,0,0,186507,5
活動,林彥君,龍龍,可藍,LALA,熊熊,小熊趙正平,逸祥,0,0,0,0,0,0,0,0,0,0,0,0,0,0,0,0,0,0,0,0,242580,5
歌曲,Matzka,山豬,撒基努,古拉,朱海君,那那大師,婁峻碩,張友驊,安歆澐,靖雯,斑比,美美,Kitty,QQ,黃鐙輝,0,0,0,0,0,0,0,0,0,0,0,0,215526,5
談話性,潘若迪,LALA,田舞陽,曾雅蘭沈玉琳,蘿莉塔,顏?澔,侯昌明,0,0,0,0,0,0,0,0,0,0,0,0,0,0,0,0,0,0,0,0,295988,5
