guest,topic,view,g_view
王中平,夫妻,399830,4
侯昌明,夫妻,399830,4
沈玉琳,夫妻,399830,4
Paul,夫妻,399830,4
康康,歌曲,2560993,1
張秀卿,歌曲,2560993,1
翁立友,歌曲,2560993,1
李崗霖,歌曲,2560993,1
陳予新,歌曲,2560993,1
小甜甜,活動,418801,4
Eason,活動,418801,4
林進,活動,418801,4
允潔媽,活動,418801,4
謝忻,活動,418801,4
無尊,活動,418801,4
小A辣,活動,418801,4
蔡允潔,活動,418801,4
Paul,遊戲,1454866,1
蔡允潔,遊戲,1454866,1
香蕉,遊戲,1454866,1
Becca,遊戲,1454866,1
阿虎,遊戲,1454866,1
曾智希,遊戲,1454866,1
陳為民,遊戲,1454866,1
拉拉,遊戲,1454866,1
甄莉,談話性,278070,5
Mei,談話性,278070,5
陳櫻文,談話性,278070,5
琪琪,談話性,278070,5
徐小可,談話性,278070,5
馬國賢,活動,434348,4
貝童彤,活動,434348,4
允潔媽,活動,434348,4
劉尚謙,活動,434348,4
Uyi,活動,434348,4
侯昌明,遊戲,276270,5
KenKen,遊戲,276270,5
林秀琴,遊戲,276270,5
陳琳,遊戲,276270,5
Ivy,遊戲,276270,5
Mita,遊戲,276270,5
甄莉,遊戲,276270,5
Sky,遊戲,276270,5
亦帆,模仿,220354,5
大根,模仿,220354,5
阿虎,模仿,220354,5
逸祥,模仿,220354,5
舒子晨,模仿,220354,5
許書豪,模仿,220354,5
嘻小瓜,模仿,220354,5
曾琴,活動,385962,4
R,活動,385962,4
ONE,活動,385962,4
葉公曹西平,活動,385962,4
趙正平,活動,385962,4
張立東,活動,385962,4
Vicky,活動,385962,4
山豬,活動,385962,4
Sky,活動,385962,4
孫其君,活動,385962,4
曾琴,活動,531250,3
R,活動,531250,3
ONE,活動,531250,3
葉公曹西平,活動,531250,3
趙正平,活動,531250,3
張立東,活動,531250,3
Vicky,活動,531250,3
山豬,活動,531250,3
Sky,活動,531250,3
孫其君,活動,531250,3
評審,活動,531250,3
曹西平,活動,531250,3
呂文婉卡古,活動,531250,3
阿虎,活動,531250,3
安喬,活動,531250,3
U0,活動,531250,3
小賴,活動,531250,3
婁峻碩,活動,531250,3
博焱,活動,531250,3
貝童彤,活動,531250,3
田舞陽,活動,531250,3
無尊,活動,531250,3
餅乾,活動,531250,3
卡古,活動,337070,4
曹西平,活動,337070,4
呂文婉,活動,337070,4
阿虎,活動,337070,4
安喬,活動,337070,4
U0,活動,337070,4
小賴,活動,337070,4
婁峻碩,活動,337070,4
博焱,活動,337070,4
貝童彤,活動,337070,4
田舞陽,活動,337070,4
無尊,活動,337070,4
餅乾,活動,337070,4
小熊,談話性,466300,4
Champion,談話性,466300,4
包家禎,談話性,466300,4
亞倫,談話性,466300,4
貝莉莓,談話性,466300,4
查克茲,談話性,466300,4
甄莉,夫妻,223408,5
咪咪,夫妻,223408,5
陳立芹,夫妻,223408,5
佩佩,夫妻,223408,5
林秀琴,夫妻,223408,5
小鍾,歌曲,195673,5
大女孩,歌曲,195673,5
大根,歌曲,195673,5
阿虎,歌曲,195673,5
山豬,歌曲,195673,5
TOP1男子漢,歌曲,195673,5
黃韋綸,歌曲,195673,5
鄞芽兒,歌曲,195673,5
裴頡,談話性,398093,4
李懿,談話性,398093,4
大愷,談話性,398093,4
陳大天,談話性,398093,4
紅隊,談話性,398093,4
張立東,談話性,398093,4
曾智希,談話性,398093,4
詹子晴,談話性,398093,4
惟毅,談話性,398093,4
連天豪,職業,222584,5
Emi,職業,222584,5
Alice,職業,222584,5
黃煜晏,職業,222584,5
魏智偉,職業,222584,5
陳彥宇,職業,222584,5
洪翊騰,職業,222584,5
曹西平,活動,296403,5
嘻小瓜,活動,296403,5
沈玉琳,活動,296403,5
蔡允潔,活動,296403,5
大根,活動,296403,5
梁凱莉,活動,296403,5
熊熊,活動,296403,5
助理主持,活動,296403,5
趙正平,活動,296403,5
張軒睿,模仿,356379,4
陳予新,模仿,356379,4
辛龍,模仿,356379,4
卓義峰,模仿,356379,4
郭曉曉,模仿,356379,4
安喬,模仿,356379,4
撒基努,模仿,356379,4
陳為民,談話性,339960,4
楊繡惠,談話性,339960,4
白雲,談話性,339960,4
錦雯,談話性,339960,4
NONO,談話性,339960,4
唐從聖,活動,592280,3
孫其君,活動,592280,3
綠茶,活動,592280,3
逸祥,活動,592280,3
視覺,活動,592280,3
Becca,活動,592280,3
陳宇馨,活動,592280,3
寧寧,活動,592280,3
宛宛兒,活動,592280,3
聽覺,活動,592280,3
雅雅,活動,592280,3
方語昕,活動,592280,3
王喬尹,活動,592280,3
陳安,活動,592280,3
曹西平,談話性,499934,4
孫協志,談話性,499934,4
小鍾,談話性,499934,4
何妤玟,談話性,499934,4
趙正平,談話性,499934,4
沈玉琳,歌曲,257719,5
何妤玟,歌曲,257719,5
何嘉文,歌曲,257719,5
唐從聖李崗霖,歌曲,257719,5
符瓊音,歌曲,257719,5
康禎庭,歌曲,257719,5
南拳媽媽,歌曲,257719,5
妮娜,談話性,246812,5
馬丁,談話性,246812,5
銘銘,談話性,246812,5
山姆,談話性,246812,5
尚恩,談話性,246812,5
派翠夏,談話性,246812,5
波力士,談話性,246812,5
小亮哥,夫妻,311196,4
侯昌明,夫妻,311196,4
Stanley,夫妻,311196,4
阿布,夫妻,311196,4
Paul,夫妻,311196,4
Wendy老師,夫妻,311196,4
曹西平,活動,471588,4
Apple,活動,471588,4
廖慧珍,活動,471588,4
逸祥,活動,471588,4
呂文婉,活動,471588,4
古拉,活動,471588,4
唐婷婷,活動,471588,4
巴巴烙,活動,471588,4
玖壹壹,歌曲,1310458,1
曹西平,歌曲,1310458,1
婁峻碩,歌曲,1310458,1
斯亞,歌曲,1310458,1
山豬,歌曲,1310458,1
阿虎,歌曲,1310458,1
郭子,歌曲,1310458,1
魚乾,歌曲,1310458,1
開水小姐,歌曲,1310458,1
張立東,遊戲,288595,5
梁以辰,遊戲,288595,5
小熊,遊戲,288595,5
大飛,遊戲,288595,5
藍隊,遊戲,288595,5
Terry,遊戲,288595,5
依依,遊戲,288595,5
徐瑋吟,遊戲,288595,5
逸祥,遊戲,288595,5
委託人,談話性,465924,4
小甜甜,談話性,465924,4
劉雨柔,談話性,465924,4
博焱,談話性,465924,4
黃沐妍,談話性,465924,4
王少偉,談話性,465924,4
周宜霈,談話性,465924,4
阿虎,談話性,465924,4
吳怡霈,談話性,465924,4
林葉亭,活動,292467,5
Mei,活動,292467,5
陳櫻文,活動,292467,5
Lala,活動,292467,5
Apple,活動,292467,5
周宜霈,活動,292467,5
陳艾熙,活動,292467,5
安喬,活動,292467,5
王仁甫,遊戲,235703,5
安歆澐,遊戲,235703,5
Mr,遊戲,235703,5
Miss,遊戲,235703,5
劉戀,遊戲,235703,5
杜凱,遊戲,235703,5
A,遊戲,235703,5
Team,遊戲,235703,5
ECHO,遊戲,235703,5
NINIKO,職業,400904,4
羅師傅,職業,400904,4
錦霞,職業,400904,4
小顆,職業,400904,4
子萁,職業,400904,4
曾秉閎,職業,400904,4
無尊,活動,1425716,1
劉尚謙,活動,1425716,1
惡魔,活動,1425716,1
大根,活動,1425716,1
強尼,活動,1425716,1
瑋哥,活動,1425716,1
馬丁,活動,1425716,1
酷炫,活動,1425716,1
正妹,活動,1425716,1
解婕翎,活動,1425716,1
芊予,活動,1425716,1
牛奶兒,活動,1425716,1
白白,活動,1425716,1
Coco,活動,1425716,1
潘維亞,活動,1425716,1
梁依霏,活動,1425716,1
吳芸??,活動,1425716,1
又又,活動,1425716,1
親親,活動,1425716,1
艾瑞絲,活動,1425716,1
晨心,活動,1425716,1
Angel,活動,1425716,1
詹子瑜,活動,1425716,1
田雅萍,活動,1425716,1
恐龍,活動,1425716,1
怡苔,活動,1425716,1
蕾拉,活動,1425716,1
黃懷岫,活動,307584,4
懷岫嬤,活動,307584,4
黃怡華,活動,307584,4
如如,活動,307584,4
婷婷,活動,307584,4
筌筌,活動,307584,4
楊懷民,活動,307584,4
黃俊澤,活動,307584,4
徐文良,活動,307584,4
林芯儀,歌曲,230606,5
康康,歌曲,230606,5
林亭翰,歌曲,230606,5
大飛,歌曲,230606,5
民雄,歌曲,230606,5
大根,歌曲,230606,5
康茵茵,歌曲,230606,5
婁峻碩,歌曲,230606,5
有激人,歌曲,230606,5
阿達,活動,558374,3
沈玉琳,活動,558374,3
曹西平,活動,558374,3
郭子,活動,558374,3
林進,活動,558374,3
徐瑋吟,活動,558374,3
張立東,活動,558374,3
Luxy,活動,558374,3
Girls,活動,558374,3
侯昌明,活動,558374,3
曾雅蘭,活動,558374,3
大根,活動,558374,3
阿虎,活動,558374,3
卡古,活動,558374,3
博焱,活動,558374,3
許凱皓,活動,558374,3
孫其君,活動,558374,3
熊熊,活動,558374,3
小賴,活動,558374,3
嘻小瓜,活動,558374,3
阿達,活動,411314,4
沈玉琳,活動,411314,4
曹西平,活動,411314,4
郭子,活動,411314,4
林進,活動,411314,4
徐瑋吟,活動,411314,4
張立東,活動,411314,4
Luxy,活動,411314,4
Girls,活動,411314,4
侯昌明,活動,411314,4
曾雅蘭,活動,411314,4
大根,活動,411314,4
阿虎,活動,411314,4
卡古,活動,411314,4
博焱,活動,411314,4
許凱皓,活動,411314,4
孫其君,活動,411314,4
熊熊,活動,411314,4
小賴,活動,411314,4
嘻小瓜,活動,411314,4
邵昕,職業,274874,5
王俐人,職業,274874,5
白雲,職業,274874,5
圓圓,職業,274874,5
員工,職業,274874,5
MiA,職業,274874,5
娃娃,職業,274874,5
Ya,職業,274874,5
Ting,職業,274874,5
Rick,職業,274874,5
蔡瑞容,職業,274874,5
鍾福元,職業,274874,5
米粉妹,職業,274874,5
A先生,職業,274874,5
王中平,歌曲,287440,5
余皓然,歌曲,287440,5
趙正平,歌曲,287440,5
黃小柔,歌曲,287440,5
邰智源,歌曲,287440,5
曹西平,歌曲,287440,5
張棋惠,歌曲,287440,5
大根,歌曲,287440,5
廖偉健,職業,836731,2
Danny,職業,836731,2
Luxy,職業,836731,2
Girls,職業,836731,2
Iwanka,職業,836731,2
Becca,職業,836731,2
王耀賢,職業,836731,2
劉盛,職業,836731,2
王筠婷,職業,836731,2
Hank,職業,836731,2
郭常喜,職業,836731,2
宏都拉斯,遊戲,317304,4
解婕翎,遊戲,317304,4
小甜甜,遊戲,317304,4
曾理,遊戲,317304,4
Yumi,遊戲,317304,4
少少,遊戲,317304,4
綠茶,遊戲,317304,4
趙正平,遊戲,317304,4
成語蕎,談話性,282570,5
黃沐妍,談話性,282570,5
哈孝遠,談話性,282570,5
郭彥均,談話性,282570,5
安苡愛,談話性,282570,5
瑪麗亞,談話性,282570,5
香蕉,談話性,282570,5
Cooper,談話性,282570,5
盧學叡,歌曲,241234,5
王中平,歌曲,241234,5
楊繡惠,歌曲,241234,5
吳申梅,歌曲,241234,5
大飛,歌曲,241234,5
海寧,職業,162601,5
魏智偉,職業,162601,5
蚯蚓,職業,162601,5
許小飛,職業,162601,5
吳敏髣,職業,162601,5
張振榕,職業,162601,5
飛飛,職業,162601,5
解婕翎,活動,399345,4
詹惟中,活動,399345,4
梁凱莉,活動,399345,4
張立東,活動,399345,4
李懿,活動,399345,4
Paul,活動,399345,4
黃沐妍,活動,399345,4
大根,活動,399345,4
蔡允潔,活動,457326,4
馬西屏,活動,457326,4
曹西平,活動,457326,4
詹子晴,活動,457326,4
馬幼興,活動,457326,4
紫棋妹,模仿,271492,5
左左右右,模仿,271492,5
李漢典,模仿,271492,5
祈錦鈅,模仿,271492,5
陸嘉偉,模仿,271492,5
陳孟潔,模仿,271492,5
信子,模仿,271492,5
Ivy,模仿,271492,5
小曾,模仿,271492,5
小老師,遊戲,656343,3
嘻小瓜,遊戲,656343,3
小馬,遊戲,656343,3
張齡予,遊戲,656343,3
沈玉琳,遊戲,656343,3
黃沐妍,遊戲,656343,3
趙正平,遊戲,656343,3
小優,遊戲,656343,3
潘潘瑋,歌曲,880692,2
小甜甜,歌曲,880692,2
Wacky,歌曲,880692,2
Boys,歌曲,880692,2
溫妮,歌曲,880692,2
PSboyz,歌曲,880692,2
韓森,歌曲,880692,2
唐從聖,歌曲,880692,2
芮德,歌曲,880692,2
Nike,歌曲,880692,2
曼達,歌曲,880692,2
曾雅蘭,夫妻,1117121,1
Vicky,夫妻,1117121,1
林姿佑,夫妻,1117121,1
Mei,夫妻,1117121,1
萁萁,夫妻,1117121,1
徐小可,夫妻,1117121,1
愷弟,活動,383035,4
亭恩,活動,383035,4
若凡,活動,383035,4
韋綸,活動,383035,4
趙正平,活動,383035,4
劉書宏,遊戲,982368,2
沈玉琳,遊戲,982368,2
Albee,遊戲,982368,2
孫其君,遊戲,982368,2
邰智源,遊戲,982368,2
大根,遊戲,982368,2
劉書宏,遊戲,771953,3
沈玉琳,遊戲,771953,3
Albee,遊戲,771953,3
孫其君,遊戲,771953,3
邰智源,遊戲,771953,3
大根,遊戲,771953,3
黃鐙輝,活動,68488,6
杜力,活動,68488,6
安妮,活動,68488,6
蘿莉塔,活動,68488,6
撒基努,活動,68488,6
黃沐妍,活動,68488,6
陳乃榮,歌曲,289360,5
陳奕,歌曲,289360,5
魏蔓,歌曲,289360,5
羅時豐,歌曲,289360,5
陳若穎,歌曲,289360,5
沈建宏,歌曲,289360,5
斯亞,歌曲,289360,5
簡宏霖,歌曲,289360,5
劉書宏,遊戲,785980,3
沈玉琳,遊戲,785980,3
Albee,遊戲,785980,3
孫其君,遊戲,785980,3
邰智源,遊戲,785980,3
大根,遊戲,785980,3
于美人,遊戲,785980,3
海產,職業,216366,5
米亞,職業,216366,5
孫伯綸,職業,216366,5
林書嬅,職業,216366,5
荒漠甘泉,職業,216366,5
卡龍,職業,216366,5
志豪,職業,216366,5
邵阿咩,職業,216366,5
朱家興,職業,216366,5
羽庭,活動,399372,4
嘟嘟,活動,399372,4
JEAN,活動,399372,4
卡古,活動,399372,4
見證人,活動,399372,4
阿B,活動,399372,4
一支,活動,399372,4
小孟,活動,399372,4
德瑞克,活動,399372,4
KING,活動,399372,4
卡古爸,活動,399372,4
成語蕎,歌曲,326385,4
廖慧珍,歌曲,326385,4
曾智希,歌曲,326385,4
安妮,歌曲,326385,4
視覺,歌曲,326385,4
嬌嬌,歌曲,326385,4
逸祥,歌曲,326385,4
Rick,歌曲,326385,4
吳念軒,歌曲,326385,4
?覺,歌曲,326385,4
林欣甫,歌曲,326385,4
陳肇天,歌曲,326385,4
李先宇,歌曲,326385,4
藍燁,歌曲,326385,4
沈玉琳,遊戲,607802,3
Albee,遊戲,607802,3
孫其君,遊戲,607802,3
邰智源,遊戲,607802,3
大根,遊戲,607802,3
于美人,遊戲,607802,3
曾莞婷,活動,287124,5
撒基努,活動,287124,5
周定緯,活動,287124,5
許仁傑,活動,287124,5
梁以辰,活動,287124,5
王治平,談話性,233487,5
小桃,談話性,233487,5
賈培德,談話性,233487,5
邵邵,談話性,233487,5
建東,談話性,233487,5
班班,談話性,233487,5
偉凡,談話性,233487,5
沈玉琳,遊戲,595222,3
Albee,遊戲,595222,3
孫其君,遊戲,595222,3
邰智源,遊戲,595222,3
大根,遊戲,595222,3
踢館魔主,遊戲,595222,3
KID,遊戲,595222,3
詹子晴,遊戲,349166,4
茵茵,遊戲,349166,4
張立東,遊戲,349166,4
詹子晴,遊戲,347046,4
茵茵,遊戲,347046,4
張立東,遊戲,347046,4
Shanon,談話性,355091,4
馬丁,談話性,355091,4
LIL,談話性,355091,4
AJ,談話性,355091,4
Holly,談話性,355091,4
東東,談話性,355091,4
Mimi,談話性,355091,4
小慢,談話性,355091,4
江美琪,歌曲,137685,5
綠茶,歌曲,137685,5
葉秉桓,歌曲,137685,5
紅,歌曲,137685,5
罡愷,歌曲,137685,5
亭恩,歌曲,137685,5
麗絲,歌曲,137685,5
李友廷,歌曲,137685,5
藍,歌曲,137685,5
郭志翔,歌曲,137685,5
Becca,歌曲,137685,5
小優,歌曲,137685,5
Cooper,歌曲,137685,5
沈玉琳,遊戲,682392,3
Albee,遊戲,682392,3
孫其君,遊戲,682392,3
邰智源,遊戲,682392,3
大根,遊戲,682392,3
苦苓,遊戲,682392,3
綠茶,活動,409512,4
劭中,活動,409512,4
小董,活動,409512,4
樺樺,活動,409512,4
葉綺,活動,409512,4
怡菱,活動,409512,4
U0,活動,409512,4
安苡愛,活動,409512,4
依依,活動,409512,4
Tony,活動,409512,4
Chen,活動,409512,4
瑪莉亞,活動,409512,4
大根,活動,409512,4
逸祥,活動,409512,4
海產,活動,409512,4
阿虎,活動,409512,4
無尊,活動,409512,4
周潤德,夫妻,316209,4
Wendy,夫妻,316209,4
苦苓,夫妻,316209,4
馬丁,夫妻,316209,4
Shanon,夫妻,316209,4
彭華幹,夫妻,316209,4
Carol,夫妻,316209,4
威廉,夫妻,316209,4
飛口,夫妻,316209,4
秦宇子,歌曲,324102,4
丁曉雯,歌曲,324102,4
李玖哲,歌曲,324102,4
王治平,歌曲,324102,4
IVI,歌曲,324102,4
世外桃源樂團,歌曲,324102,4
閻韋伶,歌曲,324102,4
小各,歌曲,324102,4
吳卓源,歌曲,324102,4
臭屁嬰仔,歌曲,324102,4
草屯囝仔,歌曲,324102,4
noovy,歌曲,324102,4
Albee,遊戲,1544293,1
孫其君,遊戲,1544293,1
邰智源,遊戲,1544293,1
大根,遊戲,1544293,1
Sandy,遊戲,1544293,1
沈玉琳,活動,217488,5
趙正平,活動,217488,5
逸祥,活動,217488,5
梁凱莉,活動,217488,5
林進,活動,217488,5
阿虎,活動,217488,5
NONO,談話性,612825,3
沈玉琳,談話性,612825,3
梁赫群,談話性,612825,3
小鍾,談話性,612825,3
小馬,談話性,612825,3
楊子儀,談話性,612825,3
周曉涵,談話性,612825,3
Vicki,談話性,612825,3
小嫻,談話性,612825,3
溫嵐,談話性,612825,3
NONO,談話性,449094,4
沈玉琳,談話性,449094,4
梁赫群,談話性,449094,4
小鍾,談話性,449094,4
小馬,談話性,449094,4
楊子儀,談話性,449094,4
周曉涵,談話性,449094,4
Vicki,談話性,449094,4
小嫻,談話性,449094,4
溫嵐,談話性,449094,4
Albee,遊戲,658531,3
孫其君,遊戲,658531,3
邰智源,遊戲,658531,3
大根,遊戲,658531,3
MC耀宗,歌曲,272502,5
沈玉琳,歌曲,272502,5
ECHO,歌曲,272502,5
小賴,歌曲,272502,5
大根,歌曲,272502,5
安喬,歌曲,272502,5
阿龍,歌曲,272502,5
李洛洋,歌曲,272502,5
斯亞,歌曲,272502,5
阿虎,歌曲,272502,5
無尊,歌曲,272502,5
郭子,歌曲,272502,5
Michael,夫妻,460731,4
Paul,夫妻,460731,4
撒基努,夫妻,460731,4
林秀琴,夫妻,460731,4
楊皓如,夫妻,460731,4
咪咪,夫妻,460731,4
Maya,夫妻,460731,4
陳致遠,夫妻,460731,4
邵大倫,歌曲,176380,5
丁曉雯,歌曲,176380,5
朱海君,歌曲,176380,5
吳俊宏,歌曲,176380,5
李愛綺,歌曲,176380,5
莊振凱,歌曲,176380,5
小孟,職業,263585,5
沈孟勳,職業,263585,5
王馨怡,職業,263585,5
聖元,職業,263585,5
旭秋,職業,263585,5
江柏樂,職業,263585,5
曹西平,活動,317766,4
趙正平,活動,317766,4
以綸,活動,317766,4
宇宙,活動,317766,4
熊熊,活動,317766,4
孫其君,活動,317766,4
山豬,活動,795114,3
唐從聖,活動,795114,3
阿虎,活動,795114,3
解婕翎,活動,795114,3
U0,活動,795114,3
蔡允潔,活動,795114,3
安喬,活動,795114,3
瑋哥,活動,795114,3
孫生,活動,795114,3
琳妲,活動,795114,3
Wackyboys,活動,795114,3
反骨男孩,活動,795114,3
喬瑟夫,活動,795114,3
惡魔,活動,795114,3
大?,活動,795114,3
何美,活動,795114,3
嘻小瓜,活動,795114,3
逸祥,活動,795114,3
夢多,職業,167772,5
詹可旬,職業,167772,5
侯羽桑,職業,167772,5
林侃諭,職業,167772,5
陳映竹,職業,167772,5
古正晴,職業,167772,5
洪萬庭,職業,167772,5
羅淼,職業,167772,5
沈玉琳,活動,432678,4
楊繡惠,活動,432678,4
楊晨熙,活動,432678,4
梁凱莉,活動,432678,4
小鍾,歌曲,402933,4
畢書盡,歌曲,402933,4
安苡愛,歌曲,402933,4
王彩樺,歌曲,402933,4
無尊,歌曲,402933,4
惡魔,歌曲,402933,4
杜力,歌曲,402933,4
大女孩,歌曲,402933,4
海產,歌曲,402933,4
阿虎,歌曲,402933,4
逸祥,歌曲,402933,4
白雲,歌曲,402933,4
唐從聖,遊戲,342368,4
宏都拉斯,遊戲,342368,4
陳大天,遊戲,342368,4
大根,遊戲,342368,4
嘻小瓜,遊戲,342368,4
無尊,遊戲,342368,4
江宏恩,歌曲,206644,5
王治平,歌曲,206644,5
二珂,歌曲,206644,5
旺福,歌曲,206644,5
高蕾雅,歌曲,206644,5
阿Ben,歌曲,206644,5
張棋惠,歌曲,206644,5
黃靖倫,歌曲,206644,5
郭彥均,遊戲,330605,4
Becca,遊戲,330605,4
蔡允潔,遊戲,330605,4
阿虎,遊戲,330605,4
小鍾,遊戲,330605,4
安苡愛,遊戲,330605,4
U0,遊戲,330605,4
Paul,遊戲,330605,4
楊大衛,職業,446999,4
思瑩,職業,446999,4
蔣嘉文,職業,446999,4
小明,職業,446999,4
丹尼斯,職業,446999,4
薯泥,職業,446999,4
劉彥鋒,職業,446999,4
楊皓如,談話性,338849,4
Michael,談話性,338849,4
小跩,談話性,338849,4
Maya,談話性,338849,4
撒基努,談話性,338849,4
古拉斯,談話性,338849,4
陳立芹,談話性,338849,4
鄧廣福,談話性,338849,4
小布丁,談話性,338849,4
甄莉,談話性,338849,4
希德,談話性,338849,4
Sky,談話性,338849,4
保姆,談話性,338849,4
晴晴,談話性,338849,4
張秀卿,歌曲,166485,5
戴愛玲,歌曲,166485,5
Reso0nce留聲樂團,歌曲,166485,5
林宗興,歌曲,166485,5
管罄,歌曲,166485,5
杜力,歌曲,166485,5
唐從聖,歌曲,166485,5
黃靖倫,歌曲,166485,5
思思,歌曲,166485,5
邵邵,歌曲,166485,5
亦帆,歌曲,166485,5
安妮,談話性,300358,4
胡天蘭,談話性,300358,4
夢多,談話性,300358,4
阿諾,談話性,300358,4
哈孝遠,談話性,300358,4
凱莉,談話性,300358,4
Neil,談話性,300358,4
郭泰王,談話性,300358,4
白雲,活動,335461,4
何妤玟,活動,335461,4
成語蕎,活動,335461,4
小甜甜,活動,335461,4
謝家璇,活動,335461,4
何啟聖,活動,335461,4
陳斌魁,活動,335461,4
萱野可芬,活動,272971,5
萱野可芳,活動,272971,5
宋達民,活動,272971,5
宋逸民,活動,272971,5
黃喬歆,活動,272971,5
黃昱翔,活動,272971,5
林隆璇,歌曲,195389,5
方文山,歌曲,195389,5
丁曉雯,歌曲,195389,5
金秀麗,歌曲,195389,5
陳央,歌曲,195389,5
香蕉,歌曲,195389,5
盧瑮莉,歌曲,195389,5
范揚景,歌曲,195389,5
荒漠甘泉,歌曲,195389,5
沈玉琳,活動,220691,5
張友驊,活動,220691,5
趙岱新,活動,220691,5
孔繁錦JR,活動,220691,5
李維維,活動,220691,5
陽詠存,活動,220691,5
孫沁岳,活動,220691,5
郭彥均,活動,486013,4
Shanon,活動,486013,4
安苡愛,活動,486013,4
阿虎,活動,486013,4
沈玉琳,活動,486013,4
馬丁,活動,486013,4
楊晨熙,活動,486013,4
解婕翎,活動,486013,4
張立東,活動,486013,4
瑪莉亞,活動,486013,4
沈玉琳,談話性,458552,4
Paul,談話性,458552,4
陳彥碩,談話性,458552,4
小馬,談話性,458552,4
黃鐙輝,談話性,458552,4
張立東,談話性,458552,4
解婕翎,談話性,458552,4
徐瑋吟,談話性,458552,4
何美,談話性,458552,4
李敏榮,歌曲,234565,5
四葉草,歌曲,234565,5
陳零九,歌曲,234565,5
TUD綠茶,歌曲,234565,5
張立東,歌曲,234565,5
撒基努,歌曲,234565,5
大根,歌曲,234565,5
楊子儀,歌曲,234565,5
撒基努,談話性,411761,4
督們,談話性,411761,4
達令,談話性,411761,4
布達爾,談話性,411761,4
薩皿安,談話性,411761,4
猶卡恩,談話性,411761,4
木亞,談話性,411761,4
夏曼亞昂努,談話性,411761,4
斯亞,活動,429042,4
NONO,活動,429042,4
洪敬堯,活動,429042,4
綠茶,活動,429042,4
段旭明,活動,429042,4
曾昱嘉,活動,429042,4
逸祥,活動,429042,4
香蕉,活動,429042,4
阿虎,活動,429042,4
熊熊,活動,497033,4
徐瑋吟,活動,497033,4
曾子余,活動,497033,4
詹子晴,活動,497033,4
趙正平,活動,497033,4
梁赫群,活動,497033,4
方泂鑌,歌曲,256560,5
評審,歌曲,256560,5
洪敬堯,歌曲,256560,5
袁永興,歌曲,256560,5
呂薔,歌曲,256560,5
林子森,歌曲,256560,5
黃少谷,歌曲,256560,5
宇宙人Mei,歌曲,256560,5
沈玉琳,歌曲,256560,5
劉雨柔,歌曲,256560,5
杜詩梅,歌曲,256560,5
何美,歌曲,256560,5
屈中恆,遊戲,272234,5
Vicky,遊戲,272234,5
洪都拉斯,遊戲,272234,5
沈玉琳,遊戲,272234,5
何妤玟,遊戲,272234,5
劉爾金,遊戲,272234,5
醫師,遊戲,272234,5
柯漢祥,遊戲,272234,5
昕昕,職業,285283,5
魏智偉,職業,285283,5
陳綠,職業,285283,5
黃彥鈞,職業,285283,5
雨玄,職業,285283,5
陳志軒,職業,285283,5
餘明螢,職業,285283,5
趙正平,談話性,310140,4
馬丁,談話性,310140,4
U0,談話性,310140,4
卡古,談話性,310140,4
海產,談話性,310140,4
小鍾,歌曲,450637,4
吳映潔,歌曲,450637,4
丁曉雯,歌曲,450637,4
唐從聖,歌曲,450637,4
鯰魚,歌曲,450637,4
林進,歌曲,450637,4
小A辣,歌曲,450637,4
小穎,歌曲,450637,4
夢夢,歌曲,450637,4
Leo,歌曲,450637,4
小喵,歌曲,450637,4
沈玉琳,遊戲,358820,4
黃沐妍,遊戲,358820,4
鯰魚哥,遊戲,358820,4
唐從聖,遊戲,358820,4
泱泱,遊戲,358820,4
瑪莉亞,遊戲,358820,4
檢場,談話性,1096893,1
王中平,談話性,1096893,1
詹惟中,談話性,1096893,1
雲中嶽,談話性,1096893,1
郭彥甫,談話性,1096893,1
黃築婷,談話性,1096893,1
葉欣,談話性,1096893,1
Catie,談話性,1096893,1
陳柔伊,談話性,1096893,1
林建銘,談話性,1096893,1
林俊銘,談話性,1096893,1
王格心,談話性,1096893,1
江秉鴻,談話性,1096893,1
沈玉琳,活動,415289,4
楊繡惠,活動,415289,4
唐從聖,活動,415289,4
趙正平,活動,415289,4
小甜甜,活動,415289,4
撒基努,活動,415289,4
圓圓,活動,415289,4
公關,活動,415289,4
佩佩,活動,415289,4
Stone,活動,415289,4
Carrie,活動,415289,4
Cola,活動,415289,4
陸總,活動,415289,4
Tiger,活動,415289,4
Kenji,活動,415289,4
評審,歌曲,146338,5
安歆澐,歌曲,146338,5
丁曉雯,歌曲,146338,5
陳大天,歌曲,146338,5
閻奕格,歌曲,146338,5
卓義?,歌曲,146338,5
許書豪,歌曲,146338,5
苦苓,遊戲,376761,4
張齡予,遊戲,376761,4
楊晨熙,遊戲,376761,4
沈玉琳,遊戲,376761,4
詹惟中,遊戲,376761,4
詹子晴,遊戲,376761,4
偉晉,活動,280315,5
邱鋒澤,活動,280315,5
成語蕎,活動,280315,5
Popu,活動,280315,5
Lady,活動,280315,5
張雁名,活動,280315,5
逸祥,活動,280315,5
謝哲青,談話性,312690,4
派翠夏,談話性,312690,4
康明思,談話性,312690,4
李眉君,談話性,312690,4
李少迪,談話性,312690,4
可樂,談話性,312690,4
Vivien,談話性,312690,4
宋讚養,談話性,312690,4
包偉銘,歌曲,688603,3
愷樂嘻小瓜,歌曲,688603,3
黃燈輝,歌曲,688603,3
TUD,歌曲,688603,3
黃昺翔,歌曲,688603,3
康茵茵,歌曲,688603,3
唐仲?,歌曲,688603,3
王宣,活動,321922,4
山豬,活動,321922,4
黃沐妍,活動,321922,4
林彥君,活動,321922,4
馬國賢,活動,321922,4
蔡黃汝,活動,324645,4
鍾承翰,活動,324645,4
楊鎮,活動,324645,4
管麟,活動,324645,4
賴東賢,活動,324645,4
發明者,活動,324645,4
白朝蓉,活動,324645,4
白浩秦,活動,324645,4
吳俞葳,活動,324645,4
郭芊吟,活動,324645,4
李冀苑,活動,324645,4
張逸謙,活動,324645,4
張家舜,活動,324645,4
游政則,活動,324645,4
高志宏,活動,324645,4
林春福,活動,324645,4
丁國琳,職業,313915,4
呂文婉,職業,313915,4
楊雅筑,職業,313915,4
沈世朋,職業,313915,4
楊麗菁,職業,313915,4
賴芊合,職業,313915,4
李依瑾,歌曲,319674,4
敖犬,歌曲,319674,4
嘎嘎,歌曲,319674,4
高以馨,歌曲,319674,4
蘇一晉,歌曲,319674,4
劉虹翎,歌曲,319674,4
蕾蕾,談話性,288147,5
歐美玲,談話性,288147,5
林品希,談話性,288147,5
小冬瓜,談話性,288147,5
許力文,談話性,288147,5
張名儀,談話性,288147,5
小富,談話性,288147,5
王治平,歌曲,1487314,1
爽樂團,歌曲,1487314,1
紅中,歌曲,1487314,1
小樂,歌曲,1487314,1
維軒,歌曲,1487314,1
禮義,歌曲,1487314,1
笑笑,歌曲,1487314,1
Oh,歌曲,1487314,1
特爽,歌曲,1487314,1
左邊那位,歌曲,1487314,1
右邊那位,歌曲,1487314,1
文慧如,歌曲,1487314,1
黃聖文,歌曲,1487314,1
安喬,歌曲,1487314,1
古拉,歌曲,1487314,1
貝可儀,歌曲,1487314,1
李玖哲,歌曲,218338,5
詹愷琪,歌曲,218338,5
佟凱玲,歌曲,218338,5
解偉苓丁曉雯,歌曲,218338,5
安苡愛,歌曲,218338,5
陳央,歌曲,218338,5
王庭勻,活動,651024,3
陳彥名,活動,651024,3
詹雅涵,活動,651024,3
林柏叡,活動,651024,3
黃庭軒,活動,651024,3
又仁,活動,651024,3
大黑白,活動,651024,3
謝雪兒,活動,651024,3
樂群,活動,651024,3
李健竹,活動,651024,3
蛋捲,活動,651024,3
博恩,活動,651024,3
潘映竹,活動,897582,2
張立東,活動,897582,2
馬國賢,活動,897582,2
郭鑫,活動,897582,2
允潔媽,活動,897582,2
安苡愛,活動,897582,2
吳懷中,職業,258255,5
曾智希,職業,258255,5
撒基努,職業,258255,5
郭彥均,職業,258255,5
林秀琴,職業,258255,5
黃鐙輝,職業,258255,5
黃鴻升,歌曲,385288,4
龍千玉,歌曲,385288,4
孫協志,歌曲,385288,4
許維芳,歌曲,385288,4
子凌,歌曲,385288,4
雅雅,歌曲,385288,4
吳申梅,歌曲,385288,4
小嫻,歌曲,385288,4
高以馨,歌曲,385288,4
吳俊宏,歌曲,385288,4
陳肇天,歌曲,385288,4
畢諾煦,歌曲,385288,4
雨玄,職業,235854,5
牟牟,職業,235854,5
廈雯,職業,235854,5
張書書,職業,235854,5
黃昕羽,職業,235854,5
蘇瀅,職業,235854,5
文心,職業,235854,5
張珺婷,職業,235854,5
龍龍,職業,235854,5
洪秀雯,職業,235854,5
綠茶,歌曲,260431,5
邱勝翊,歌曲,260431,5
夏宇童,歌曲,260431,5
山豬,歌曲,260431,5
安苡愛,歌曲,260431,5
張心傑,歌曲,260431,5
小番薯,談話性,186006,5
林鼎修,談話性,186006,5
高嘎,談話性,186006,5
方世宇,談話性,186006,5
玉婷,談話性,186006,5
張修維,談話性,186006,5
戴裕霖,談話性,186006,5
曾昱嘉,歌曲,233409,5
張信哲,歌曲,233409,5
閻奕格,歌曲,233409,5
林芯儀,歌曲,233409,5
韓森,歌曲,233409,5
陳大天,歌曲,233409,5
海產,歌曲,233409,5
杜力,歌曲,233409,5
小鐘,談話性,635456,3
詹惟中,談話性,635456,3
趙正平,談話性,635456,3
小優,談話性,635456,3
無尊,談話性,635456,3
蔡允潔,談話性,635456,3
嘻小瓜,談話性,635456,3
孫協志,歌曲,323024,4
郭彥均,歌曲,323024,4
嗨獎,歌曲,323024,4
斯亞,歌曲,323024,4
嘻小瓜,歌曲,323024,4
U0,歌曲,323024,4
包偉銘,歌曲,323024,4
林維哲,歌曲,323024,4
博焱,歌曲,323024,4
妖嬌,歌曲,323024,4
Terry,歌曲,323024,4
小小瑜,談話性,529906,3
Paul,談話性,529906,3
佩佩,談話性,529906,3
楊皓如,談話性,529906,3
沈玉琳,談話性,529906,3
Maya,談話性,529906,3
評審,活動,262524,5
王治平,活動,262524,5
蕭煌奇,活動,262524,5
東方,活動,262524,5
盧學叡,活動,262524,5
U0,活動,262524,5
戰嬿樂團,活動,262524,5
娃兒,活動,262524,5
侑庭,活動,262524,5
甄甄,活動,262524,5
西方,活動,262524,5
RED,活動,262524,5
芮德,活動,262524,5
康茵茵,活動,262524,5
JB樂團,活動,262524,5
阿甘,活動,262524,5
廖主恆,活動,262524,5
老葉,活動,262524,5
鍾瑤,談話性,218150,5
李運慶,談話性,218150,5
潘慧如,談話性,218150,5
夏和熙,談話性,218150,5
楊千玫,談話性,218150,5
王策,談話性,218150,5
李唐孟,談話性,218150,5
Zero,談話性,218150,5
Four,談話性,218150,5
Crew,談話性,218150,5
阿傑,談話性,218150,5
小崧,談話性,218150,5
文姿雲,談話性,218150,5
杜偉誠,談話性,218150,5
夏臨威,談話性,218150,5
孔令奇,活動,507852,3
沈玉琳,活動,507852,3
金美滿,活動,507852,3
易芝貓,活動,507852,3
嚴之,活動,507852,3
子涵,活動,507852,3
黃小愛,活動,507852,3
波波蓁,活動,507852,3
王彩樺,活動,341639,4
馬國賢,活動,341639,4
何妤玟,活動,341639,4
NONO,活動,341639,4
廖慧珍,活動,341639,4
白雲,活動,341639,4
阿沁Yumi,歌曲,543333,3
君君,歌曲,543333,3
大根,歌曲,543333,3
許飛飛,歌曲,543333,3
宇宙,歌曲,543333,3
Wez,歌曲,543333,3
BCW,歌曲,543333,3
王思涵,歌曲,543333,3
佩佩,職業,282439,5
陸董,職業,282439,5
Cola,職業,282439,5
Carrie,職業,282439,5
Pink,職業,282439,5
拉達,職業,282439,5
B子,職業,282439,5
陳予新,活動,280812,5
無尊,活動,280812,5
梁凱莉,活動,280812,5
林喬安,活動,280812,5
阿虎,活動,280812,5
卡古,活動,280812,5
惡魔,活動,280812,5
嘻小瓜,活動,280812,5
余皓然,談話性,278403,5
韓靖,談話性,278403,5
馬國賢,談話性,278403,5
曾子余,談話性,278403,5
蔡允潔,談話性,278403,5
國賢媽,談話性,278403,5
子余媽,談話性,278403,5
允潔媽,談話性,278403,5
品冠,歌曲,246119,5
贊薇,歌曲,246119,5
林樂偉,歌曲,246119,5
陳安,歌曲,246119,5
古拉,歌曲,246119,5
牟牟,歌曲,246119,5
謝秉鈞,歌曲,246119,5
張革玉勍,歌曲,246119,5
梁正群,職業,361134,4
范峻銘,職業,361134,4
蔡志雄,職業,361134,4
李怡貞,職業,361134,4
王可文,職業,361134,4
王世平,職業,361134,4
邱靖貽,職業,361134,4
吳威廷,職業,361134,4
HowHow,活動,391639,4
Wackyboys,活動,391639,4
酷炫,活動,391639,4
孫生,活動,391639,4
趙正平,活動,391639,4
沈玉琳,活動,391639,4
嘻小瓜,活動,391639,4
黃沐妍,活動,391639,4
張立東,活動,391639,4
無尊,活動,391639,4
阿虎,活動,391639,4
梁凱莉,活動,391639,4
詹子晴,活動,475372,4
苦苓,活動,475372,4
Wendy,活動,475372,4
蔡志雄律師,活動,475372,4
張立東,活動,475372,4
王思佳,活動,475372,4
Paul,活動,475372,4
大根,活動,475372,4
布蘭妮,活動,475372,4
咪咪,活動,475372,4
詹子晴,活動,275951,5
苦苓,活動,275951,5
Wendy,活動,275951,5
蔡志雄律師,活動,275951,5
張立東,活動,275951,5
王思佳,活動,275951,5
Paul,活動,275951,5
大根,活動,275951,5
布蘭妮,活動,275951,5
咪咪,活動,275951,5
安妮,活動,275951,5
沈玉琳,活動,275951,5
蔡允潔,活動,275951,5
蘿莉塔,活動,275951,5
張齡予,活動,275951,5
無尊,活動,275951,5
安妮,談話性,274745,5
沈玉琳,談話性,274745,5
蔡允潔,談話性,274745,5
蘿莉塔,談話性,274745,5
張齡予,談話性,274745,5
無尊,談話性,274745,5
小鍾,活動,387516,4
唐從聖,活動,387516,4
亦帆,活動,387516,4
無尊,活動,387516,4
大根,活動,387516,4
符瓊音,活動,387516,4
阿虎,活動,387516,4
卡古,活動,387516,4
蘿莉塔,談話性,430190,4
LALA,談話性,430190,4
沈玉琳,談話性,430190,4
郭彥均,談話性,430190,4
Mei,談話性,430190,4
甄莉,談話性,430190,4
詹子晴,談話性,430190,4
小優,談話性,430190,4
吳申梅,歌曲,166727,5
孫翠鳳,歌曲,166727,5
陳昭賢,歌曲,166727,5
郭耀仁,歌曲,166727,5
婁峻碩,歌曲,166727,5
布蘭妮氏安娜,歌曲,166727,5
A,歌曲,166727,5
Team,歌曲,166727,5
許維芳,歌曲,166727,5
舞炯恩,歌曲,166727,5
爽樂團,歌曲,166727,5
林韋君,活動,295365,5
高山峰,活動,295365,5
米可白,活動,295365,5
張立東,活動,295365,5
沈世朋,活動,295365,5
梁以辰,活動,295365,5
五熊,活動,295365,5
楊子儀,活動,295365,5
邱鋒澤,遊戲,463290,4
吳心緹,遊戲,463290,4
嘻小瓜,遊戲,463290,4
Paul,遊戲,463290,4
林進,遊戲,463290,4
小甜甜,遊戲,463290,4
小優,談話性,382455,4
馬國賢,談話性,382455,4
蘿莉塔,談話性,382455,4
Mei,談話性,382455,4
Julie,談話性,382455,4
Eason,談話性,382455,4
小甜甜,談話性,382455,4
楊子儀,談話性,382455,4
閻奕格,活動,241189,5
黃昺翔,活動,241189,5
唐從聖,活動,241189,5
嘻小瓜,活動,241189,5
黃鐙輝,活動,241189,5
斯亞,活動,241189,5
郭子,活動,241189,5
孫協志,活動,241189,5
黃鴻升,活動,241189,5
閻奕格,活動,193789,5
黃昺翔,活動,193789,5
唐從聖,活動,193789,5
嘻小瓜,活動,193789,5
黃鐙輝,活動,193789,5
斯亞,活動,193789,5
郭子,活動,193789,5
孫協志,活動,193789,5
黃鴻升,活動,193789,5
小茉莉,活動,814240,2
Janet,活動,814240,2
玖壹壹,活動,814240,2
大根,談話性,2172092,1
張立東,談話性,2172092,1
曾理,談話性,2172092,1
已婚男,談話性,2172092,1
Paul,談話性,2172092,1
沈玉琳,談話性,2172092,1
吳俊諺,談話性,2172092,1
Doris,談話性,2172092,1
恬雅,談話性,2172092,1
Regi0,談話性,2172092,1
薛冰,談話性,2172092,1
子涵,談話性,2172092,1
阿Sa,談話性,2172092,1
Winnie,談話性,2172092,1
恬恬,談話性,2172092,1
Micky,談話性,2172092,1
Maggie,談話性,2172092,1
金美滿,談話性,2172092,1
巢巢,談話性,2172092,1
蕙蕙,談話性,2172092,1
亭羽,談話性,2172092,1
田以熙,談話性,2172092,1
虎牙妹,談話性,2172092,1
賓妹,談話性,2172092,1
子庭,談話性,2172092,1
泡菜妹,談話性,2172092,1
黃鐙輝,歌曲,390882,4
丁曉雯,歌曲,390882,4
鄒兆龍,歌曲,390882,4
黃尚禾,歌曲,390882,4
泰坦,歌曲,390882,4
李子森,歌曲,390882,4
梁一貞,歌曲,390882,4
羅美玲,歌曲,390882,4
安歆澐,歌曲,390882,4
熊熊,歌曲,390882,4
玉兔,歌曲,390882,4
亦帆,歌曲,390882,4
小瑋哥,職業,345224,4
王思佳,職業,345224,4
Julie,職業,345224,4
萁萁,職業,345224,4
黃鐙輝,職業,345224,4
曾子余,職業,345224,4
小安,職業,345224,4
徐凱希,職業,345224,4
張語噥,職業,345224,4
黑傑克,職業,345224,4
小A辣,職業,345224,4
林進,職業,345224,4
黃文星,歌曲,508132,3
丁曉雯,歌曲,508132,3
蔡忻彤,歌曲,508132,3
黃昺翔,歌曲,508132,3
蔡恩雨,歌曲,508132,3
周定緯,歌曲,508132,3
陳大天,歌曲,508132,3
山豬,歌曲,508132,3
苦苓,職業,172604,5
溫士凱,職業,172604,5
李昂,職業,172604,5
謝哲青,職業,172604,5
H,職業,172604,5
熊熊,活動,902465,2
趙正平,活動,902465,2
嘻小瓜,活動,902465,2
LALA,活動,902465,2
博焱,活動,902465,2
何美,活動,902465,2
黃鐙輝,歌曲,490651,4
Dennis,歌曲,490651,4
民雄,歌曲,490651,4
斯亞,歌曲,490651,4
大飛,歌曲,490651,4
大根,歌曲,490651,4
大?,歌曲,490651,4
曾治豪,歌曲,490651,4
安苡愛,歌曲,490651,4
安喬,歌曲,490651,4
何美,歌曲,490651,4
媳婦,談話性,247030,5
吳姵穎,談話性,247030,5
三?媽,談話性,247030,5
Vien0,談話性,247030,5
可芸,談話性,247030,5
羅莉勤,談話性,247030,5
婆婆,談話性,247030,5
萁媽,談話性,247030,5
阿秀,談話性,247030,5
宜真,談話性,247030,5
江柃榛,談話性,247030,5
張惠聊,談話性,247030,5
田舞陽,活動,576644,3
梁凱莉,活動,576644,3
山豬,活動,576644,3
詹子晴,活動,576644,3
鯰魚,活動,576644,3
李亞萍,談話性,456439,4
吳鳳,談話性,456439,4
雙兒,談話性,456439,4
Rynne,談話性,456439,4
張克帆,談話性,456439,4
余祥銓,談話性,456439,4
南拳媽媽,歌曲,293319,5
丁曉雯,歌曲,293319,5
小鐘,歌曲,293319,5
Makiyo,歌曲,293319,5
康康,歌曲,293319,5
董事長樂團,歌曲,293319,5
阿布,活動,361647,4
苦苓,活動,361647,4
張雁名,活動,361647,4
謝哲青,活動,361647,4
侯昌明,活動,361647,4
琳妲,活動,245083,5
廖慧珍,活動,245083,5
趙正平,活動,245083,5
古拉,活動,245083,5
張友驊,活動,245083,5
蔡允潔,活動,245083,5
孫協志,談話性,342336,4
趙正平,談話性,342336,4
郭鑫,談話性,342336,4
Ben,談話性,342336,4
蔡允潔,談話性,342336,4
LALA,談話性,342336,4
陳彥碩,談話性,342336,4
周定緯,歌曲,756653,3
佟凱玲,歌曲,756653,3
許含光,歌曲,756653,3
黃鐙輝,歌曲,756653,3
陳大天,歌曲,756653,3
阿虎,歌曲,756653,3
安苡愛,歌曲,756653,3
無尊,歌曲,756653,3
李建軒,歌曲,756653,3
撒基努,歌曲,756653,3
紫棋妹,歌曲,756653,3
瑜庭,職業,290971,5
吉姆,職業,290971,5
喬老師,職業,290971,5
西門夜說,職業,290971,5
修分靈,職業,290971,5
馮羿,職業,290971,5
?榮宏,職業,290971,5
楊元慶,職業,290971,5
李俊翰,職業,290971,5
王中平,夫妻,509736,3
Paul,夫妻,509736,3
撒基努,夫妻,509736,3
Michael,夫妻,509736,3
陳致遠,夫妻,509736,3
王宇婕,談話性,249091,5
小甜甜,談話性,249091,5
黃豪平,談話性,249091,5
成語蕎,談話性,249091,5
Eason,談話性,249091,5
小優,談話性,249091,5
王瑞霞,歌曲,228516,5
黃妃,歌曲,228516,5
秀蘭瑪雅,歌曲,228516,5
小鐘,歌曲,228516,5
麻吉弟弟,歌曲,228516,5
楊東霖,歌曲,228516,5
小晶玲,歌曲,228516,5
宋費爾,歌曲,228516,5
安雨晨,歌曲,228516,5
宛宛兒,歌曲,228516,5
小煜,談話性,174221,5
施芊芸,談話性,174221,5
古墨,談話性,174221,5
歐弟,談話性,174221,5
樂事,談話性,174221,5
黃品誠,談話性,174221,5
林秀琴,夫妻,954072,2
Maya,夫妻,954072,2
劉雨柔,夫妻,954072,2
徐小可,夫妻,954072,2
Mei,夫妻,954072,2
陳宇風,職業,188948,5
梁以辰,職業,188948,5
趙正平,職業,188948,5
張雁名,職業,188948,5
張庭瑚,職業,188948,5
小鐘,歌曲,242306,5
黃若熙,歌曲,242306,5
張三李四,歌曲,242306,5
林吟蔚,歌曲,242306,5
大根,歌曲,242306,5
阿虎,歌曲,242306,5
范美拉,職業,256393,5
瞿光復,職業,256393,5
Peggy,職業,256393,5
朱珣貝,職業,256393,5
Kevin費少傑,職業,256393,5
Rebecca,職業,256393,5
Keyboard桑,職業,256393,5
惟毅,活動,289063,5
楊繡惠,活動,289063,5
曾莞婷,活動,289063,5
曾子余,活動,289063,5
醫學講師,活動,289063,5
Wendy,活動,289063,5
沈玉琳,活動,203217,5
Amanda,活動,203217,5
小賴,活動,203217,5
黃沐妍,活動,203217,5
博焱,活動,203217,5
無尊,活動,203217,5
于立成,歌曲,393384,4
大女孩,歌曲,393384,4
羅美玲,歌曲,393384,4
黃鐙輝,歌曲,393384,4
李子森,歌曲,393384,4
高以馨,歌曲,393384,4
高慧君,歌曲,393384,4
袁小迪,歌曲,393384,4
孫協志,歌曲,393384,4
林佳儀,歌曲,393384,4
安苡愛,談話性,413213,4
楊晨熙,談話性,413213,4
詹子晴,談話性,413213,4
詹少倫,談話性,413213,4
Julie,談話性,413213,4
筱蕾,談話性,413213,4
徐懷鈺,歌曲,336791,4
詹愷琪,歌曲,336791,4
黃鐙輝,歌曲,336791,4
阿虎,歌曲,336791,4
余祥銓,歌曲,336791,4
張可昀,歌曲,336791,4
孫生,歌曲,336791,4
琳妲,歌曲,336791,4
呂文婉,活動,209808,5
丁國琳,活動,209808,5
小鐘,活動,209808,5
Makiyo,活動,209808,5
張芯瑜,活動,209808,5
楊皓如,活動,209808,5
妏雪,活動,209808,5
憨憨,活動,209808,5
林凡,歌唱,236751,5
丁噹,歌唱,236751,5
陳乃榮,歌唱,236751,5
曾昱嘉,歌唱,236751,5
解偉苓,歌唱,236751,5
杜力,歌唱,236751,5
曾雅蘭,活動,244934,5
沈玉琳,活動,244934,5
黃豪平,活動,244934,5
熊熊,活動,244934,5
何妤玟,活動,244934,5
楊麗菁,活動,244934,5
林姿佑,活動,244934,5
解婕翎,活動,244934,5
王思佳,活動,483083,4
小瑋哥,活動,483083,4
黑傑克,活動,483083,4
葉子,活動,483083,4
Shanon,活動,483083,4
林進,活動,483083,4
詹子晴,活動,483083,4
馬丁,活動,483083,4
呂文婉,活動,238761,5
黃敬平,活動,238761,5
Paul,活動,238761,5
張可昀,活動,238761,5
瑪莉亞,活動,238761,5
黃豪平,活動,238761,5
蔡頭,遊戲,466961,4
張立東,遊戲,466961,4
Apple,遊戲,466961,4
U0,遊戲,466961,4
沈玉琳,遊戲,466961,4
黃豪平,遊戲,466961,4
凱莉,遊戲,466961,4
Dora,遊戲,466961,4
佑庭,活動,494191,4
麥若愚,活動,494191,4
林志穎,活動,494191,4
沈玉琳,活動,494191,4
吳采臻,活動,494191,4
山豬,活動,411066,4
U0,活動,411066,4
洪都拉斯,活動,411066,4
陳櫻文,活動,411066,4
林姿佑,活動,411066,4
謝忻,談話性,261831,5
圓圓,談話性,261831,5
賀少俠,談話性,261831,5
張可昀,談話性,261831,5
黃少谷,談話性,261831,5
杜力,談話性,261831,5
炎亞綸,歌曲,189749,5
陳欣?,歌曲,189749,5
異鄉人,歌曲,189749,5
魏嘉瑩,歌曲,189749,5
陳政文,歌曲,189749,5
布蘭妮,歌曲,189749,5
烏來嬤,歌曲,189749,5
萁媽,歌曲,189749,5
雙胞媽,歌曲,189749,5
馬仕釗,歌曲,189749,5
奔奔小姐,活動,254281,5
踢小米,活動,254281,5
羅伊,活動,254281,5
美味拍手,活動,254281,5
林鮭魚,活動,254281,5
CelineM4,活動,254281,5
張克帆,夫妻,386021,4
雙ㄦ,夫妻,386021,4
Ben,夫妻,386021,4
徐小可,夫妻,386021,4
吳懷中,夫妻,386021,4
小龜,夫妻,386021,4
撒基努,夫妻,386021,4
MAYA,夫妻,386021,4
盧學叡,談話性,707454,3
林秀琴,談話性,707454,3
CHAMPION,談話性,707454,3
MAYA,談話性,707454,3
珍珠,談話性,707454,3
撒基努,談話性,707454,3
張香香,談話性,573421,3
路雨希,談話性,573421,3
膽固醇妹,談話性,573421,3
楊葦萱,談話性,573421,3
蘋果妹,談話性,573421,3
昶霏,談話性,573421,3
Cherry,談話性,573421,3
吳亦帆,歌曲,167495,5
沈玉琳,歌曲,167495,5
賴慈泓,歌曲,167495,5
吳亦偉,歌曲,167495,5
徐詣帆,歌曲,167495,5
月琴,歌曲,167495,5
甄莉,歌曲,167495,5
甄詒,歌曲,167495,5
羅美玲,歌曲,167495,5
林佳儀,歌曲,167495,5
黃鐙輝,活動,325444,4
萁媽,活動,325444,4
馬國賢,活動,325444,4
國賢媽,活動,325444,4
Paul,活動,325444,4
咪咪媽,活動,325444,4
圓圓,活動,325444,4
圓圓媽,活動,325444,4
沈玉琳,談話性,517978,3
詹子晴,談話性,517978,3
黃喬歆,談話性,517978,3
徐瑋吟,談話性,517978,3
小優,談話性,517978,3
成語蕎,談話性,517978,3
郭彥均,談話性,517978,3
Paul,談話性,517978,3
田舞陽,談話性,164748,5
詹惟中,談話性,164748,5
鄭楷丞,談話性,164748,5
小優,談話性,164748,5
馬丁,談話性,164748,5
辛曉琪,歌曲,225914,5
洪敬堯,歌曲,225914,5
藍隊,歌曲,225914,5
丁曉雯,歌曲,225914,5
王治平,歌曲,225914,5
方麗庭,歌曲,225914,5
那那大師,歌曲,225914,5
子涵,歌曲,225914,5
法愛,歌曲,225914,5
盧蓁,歌曲,225914,5
古拉,歌曲,225914,5
蔡恩霖,歌曲,225914,5
蛋捲,歌曲,225914,5
小發財,歌曲,225914,5
沈夢露,歌曲,225914,5
莊昱凡,歌曲,225914,5
魯蛋,歌曲,225914,5
沈玉琳,活動,470791,4
黃鐙輝,活動,470791,4
Wackyboys,活動,470791,4
何妤玟,活動,470791,4
張立東,活動,470791,4
Vicky,談話性,186507,5
兒童發展專家,談話性,186507,5
王宏哲趙心?,談話性,186507,5
張棋惠,談話性,186507,5
Stacey,談話性,186507,5
林舒語,談話性,186507,5
林可彤,談話性,186507,5
林彥君,活動,242580,5
龍龍,活動,242580,5
可藍,活動,242580,5
LALA,活動,242580,5
熊熊,活動,242580,5
小熊趙正平,活動,242580,5
逸祥,活動,242580,5
Matzka,歌曲,215526,5
山豬,歌曲,215526,5
撒基努,歌曲,215526,5
古拉,歌曲,215526,5
朱海君,歌曲,215526,5
那那大師,歌曲,215526,5
婁峻碩,歌曲,215526,5
張友驊,歌曲,215526,5
安歆澐,歌曲,215526,5
靖雯,歌曲,215526,5
斑比,歌曲,215526,5
美美,歌曲,215526,5
Kitty,歌曲,215526,5
QQ,歌曲,215526,5
黃鐙輝,歌曲,215526,5
潘若迪,談話性,295988,5
LALA,談話性,295988,5
田舞陽,談話性,295988,5
曾雅蘭沈玉琳,談話性,295988,5
蘿莉塔,談話性,295988,5
顏?澔,談話性,295988,5
侯昌明,談話性,295988,5
